Date,Asset name,Series,Value,Rolling_mean,Momentum,Volatility
2023-04-16,LTC-USD,adjclose,0.9339406817141942,0.7588971383225758,0.3623019304198587,0.11520390075869402
2023-04-16,XRP-USD,adjclose,0.9015082996166748,0.8621480134755043,0.04050653264828408,0.09461557618977945
2023-04-16,BTC-USD,adjclose,0.9537198537773212,0.958115342715371,0.023409701086723578,0.04836437538784235
2023-04-16,ETH-USD,adjclose,1.0,0.7820168535870564,2.3805466301515277,0.2992428285293427
2023-04-17,LTC-USD,adjclose,0.8675151343911018,0.8103655226702458,0.4217522441202324,0.10048592409453484
2023-04-17,ETH-USD,adjclose,0.8647268149980549,0.878185913184368,1.2525877821102709,0.3579033232190679
2023-04-17,XRP-USD,adjclose,0.8085156588747124,0.8712289134767459,0.0594991954691535,0.089175665525896
2023-04-17,BTC-USD,adjclose,0.7172679770955304,0.9204047920879708,-0.2081568094479337,0.12530954699295374
2023-04-18,BNDW,adjclose,0.1070099230209109,0.3317479405436756,-0.8245715205321535,4.208647730632801
2023-04-18,ZS=F,adjclose,0.9999999999999982,0.8827027027027018,0.31205673758865204,0.10538608699291102
2023-04-18,HG=F,adjclose,0.9191087563049544,0.9303632290981299,0.1987769925273597,0.11305163744243424
2023-04-18,KC=F,adjclose,1.0,0.5861181869888406,3.1382999100704927,0.6780964647654246
2023-04-18,BTC-USD,adjclose,0.9760517648232474,0.9203225431581357,-0.00042115742755843844,0.21945349865331137
2023-04-18,GC=F,adjclose,0.4072996264826649,0.46277372262773825,0.10276563510214154,0.7201499981917947
2023-04-18,SI=F,adjclose,0.5578649704843262,0.6435955436638003,0.133559921354649,0.3445256880642503
2023-04-18,VNO,adjclose,0.6825937855593542,0.5802048479198835,-0.17695483587384808,0.3792188367846689
2023-04-18,AGG,adjclose,0.1034530051589399,0.3738096996423621,-0.8369552566383397,6.426866627366825
2023-04-18,CL=F,adjclose,0.8367346409177276,0.9092516500506811,-0.05165752551170488,0.09814213926891849
2023-04-18,GDLC,adjclose,0.8059210000028232,0.8282894313748187,0.0745614457035082,0.23105341212788844
2023-04-18,ZC=F,adjclose,1.0,0.7663366336633665,1.1041666666666652,0.25921454843933156
2023-04-18,ETH-USD,adjclose,0.9521861629733488,0.9350009829309605,0.4251919631864418,0.20543171481646103
2023-04-18,TIP,adjclose,0.1201551926015582,0.4164559725336915,-0.8555477352165805,0.8821340240492593
2023-04-18,VEU,adjclose,0.9642882687729256,0.7714299338217486,3.4999761583089324,0.7634341399938217
2023-04-18,SLV,adjclose,0.545976425606268,0.6494248904644611,0.13095081312074153,0.32713722346684676
2023-04-18,^GSPC,adjclose,0.871267384453219,0.7085211517570003,0.867426215978202,0.7214798174835629
2023-04-18,^IXIC,adjclose,0.6692174580392347,0.5797333844967468,0.5222173265353218,0.8893168833435405
2023-04-18,DGT,adjclose,1.0,0.818481224930693,1.211679076009763,0.371600085916622
2023-04-18,SHY,adjclose,0.0862112807376149,0.2758666804795609,-0.7307647058823354,0.3937552190410044
2023-04-18,XRP-USD,adjclose,1.0000000000000004,0.905603111958025,0.2075413260861636,0.133749074150915
2023-04-18,PLD,adjclose,0.5149831619895355,0.35493882514126257,0.2888892656492703,2.3084544232447706
2023-04-18,EEM,adjclose,0.948275824269782,0.8988505495131875,0.1148662406920058,0.2530948289549869
2023-04-18,DBB,adjclose,1.0,0.8938545045371423,0.543104440505513,0.13077505126238684
2023-04-18,TLT,adjclose,0.2411758853134564,0.5148954869949499,-0.7588241146865435,0.5270927682956544
2023-04-18,LTC-USD,adjclose,1.0,0.8736896095953919,0.46331563111976504,0.10496950733332908
2023-04-18,^N300,adjclose,3.197084296939636,3.179647035769171,0.022873990156357937,0.00883172946517406
2023-04-18,ALI=F,adjclose,0.9391592920353968,0.6944690265486717,1.6952380952380968,0.19867292992640856
2023-04-18,GLD,adjclose,0.3523954171756855,0.4698607134602767,-0.012986498269344504,0.5802854535532804
2023-04-18,BXP,adjclose,0.7030573395889963,0.558515565720683,-0.2969426604110037,0.7514990497448075
2023-04-18,^RUT,adjclose,0.913246161601343,0.8470073637402983,0.13219379273952492,0.3012270480152963
2023-04-18,SPG,adjclose,0.6975144394764392,0.48093946958831885,0.2915596731266048,1.4025122751909744
2023-04-18,^STOXX,adjclose,0.8630730263247727,0.8571251007224696,0.03336673785286903,0.012600048914849145
2023-04-18,DBA,adjclose,1.0,0.6184215149400949,1.5333341810459857,0.38044728576667275
2023-04-18,USO,adjclose,0.8597362130313471,0.9297029288505392,-0.03159817759545702,0.08750160446952324
2023-04-18,GSG,adjclose,0.9439650494759722,0.9646550164919901,0.03301874060945287,0.05990944666089542
2023-04-18,MSCI,adjclose,0.9760075206408896,0.9153463748377204,0.2069988854077509,0.08304442923621878
2023-04-18,^N225,adjclose,213.8016525990392,212.90628550442133,0.022892924586845664,0.010371444161317925
2023-04-18,LQD,adjclose,0.5198036180354393,0.6435863398535275,-0.4283449075113913,0.41820066373797293
2023-04-19,^N300,adjclose,3.18164273720738,3.1837029908653682,0.006414883620295075,0.008659366923887002
2023-04-19,GSG,adjclose,0.8060341283908876,0.9258618421701676,-0.19396587160911238,0.06902272283214488
2023-04-19,SLV,adjclose,0.5919533993012962,0.6264362939991951,-0.1626023068072211,0.24573817945271595
2023-04-19,GLD,adjclose,0.2148375776500053,0.4132918885519004,-0.5683233345654082,0.6007679879951974
2023-04-19,LTC-USD,adjclose,0.5241160707410684,0.8235495134658377,-0.32356108061759437,0.26454197650496486
2023-04-19,MSCI,adjclose,0.987550346589595,0.9485060554460223,0.2017621063670867,0.08339490534478267
2023-04-19,USO,adjclose,0.741749378773978,0.8780528046053349,-0.25825062122602205,0.0667112401593195
2023-04-19,VEU,adjclose,0.6696434957646602,0.8339297209478147,0.8749928474699227,0.8270163294375408
2023-04-19,BTC-USD,adjclose,0.5481795658636166,0.8299584563308592,-0.45182043413638295,0.2992571789953901
2023-04-19,ZC=F,adjclose,0.8960396039603964,0.8306930693069308,0.5603448275862062,0.28763958702173575
2023-04-19,TIP,adjclose,0.0489938280180268,0.2547202762507737,-0.9428758192619764,0.918414076092717
2023-04-19,GDLC,adjclose,0.6447368627439909,0.8151315490212132,-0.09259251083038522,0.25309724205173095
2023-04-19,SHY,adjclose,0.0,0.1896591668942676,-1.0,0.4237264217158968
2023-04-19,AGG,adjclose,0.0,0.23035542848703297,-1.0,6.550768630728606
2023-04-19,^N225,adjclose,212.3675680035288,213.17714996805665,0.006418186279149918,0.010955468775446016
2023-04-19,XRP-USD,adjclose,0.6316075515955322,0.8469103157585536,-0.3172338253397611,0.21808267976562853
2023-04-19,HG=F,adjclose,0.8780772900896707,0.9245016549544378,-0.03229926164139385,0.08388947480744645
2023-04-19,ALI=F,adjclose,1.0,0.8064159292035391,1.2713567839196043,0.21037152919389868
2023-04-19,LQD,adjclose,0.231684155063327,0.532607656772683,-0.7054528837815557,0.4810630800920175
2023-04-19,TLT,adjclose,0.2140754682564001,0.363672921140563,-0.7793464744918263,0.5247466512566391
2023-04-19,ZS=F,adjclose,0.8621621621621625,0.8875675675675669,0.029032258064517702,0.1329537000127155
2023-04-19,BNDW,adjclose,0.0,0.2076095581678771,-1.0,4.321778283711528
2023-04-19,^STOXX,adjclose,0.8586228826107821,0.8593677511320482,0.013232386845125621,0.012578241409689885
2023-04-19,DBA,adjclose,0.7500012548374002,0.7078954369092862,1.4782644751463656,0.38579337902198135
2023-04-19,CL=F,adjclose,0.7210886260295135,0.8534693752565838,-0.2789113739704865,0.0732056286529699
2023-04-19,DGT,adjclose,0.9306910001032378,0.9049495277591035,0.8675468247111349,0.39153433462714254
2023-04-19,EEM,adjclose,0.7183901116126741,0.904597582711984,0.041666004393260625,0.2661589464664202
2023-04-19,GC=F,adjclose,0.2291963674726282,0.41693409272354104,-0.5000019437932739,0.7778163859376817
2023-04-19,ETH-USD,adjclose,0.4324767935848754,0.8328530618205088,-0.5414871985044888,0.26577605693175393
2023-04-19,DBB,adjclose,0.9329604592978402,0.9351951461731567,0.2846143124381044,0.14803380594503043
2023-04-19,SI=F,adjclose,0.6241570968879149,0.639325870388209,-0.0330723248567828,0.3212758786570583
2023-04-19,IOO,adjclose,0.569232394428191,0.5015390845308062,23.66772634791475,9.151822195698635
2023-04-19,KC=F,adjclose,0.8611826544021035,0.7125963873144137,2.7640475251598637,0.6950335385483523
2023-04-19,BXP,adjclose,0.9759832219879918,0.6598256399407312,1.0790688596724682,0.6690387162088794
2023-04-19,^IXIC,adjclose,0.676434451180139,0.6658355071634923,1.7505851287283325,0.8191224353047019
2023-04-19,VNO,adjclose,1.0,0.6723549699120666,0.8544295431238609,0.36008190822917424
2023-04-19,^RUT,adjclose,0.9595379249331408,0.9082712424804583,0.46893861557005745,0.2691603026394306
2023-04-19,SPG,adjclose,0.8024860874156055,0.5513813528690861,0.7822066722053873,1.3771364987854209
2023-04-19,PLD,adjclose,0.675915929342171,0.40710321018765294,0.6283442368459162,2.288575328377023
2023-04-19,^GSPC,adjclose,0.8681825515483297,0.8187865033182391,1.739992667626197,0.6697557177936287
2023-04-20,MSCI,adjclose,1.0,0.9574920297555793,0.04704353136936534,0.047866286682379085
2023-04-20,VEU,adjclose,0.6875010643696697,0.7767868638049578,-0.2935776605759841,0.2084025358683321
2023-04-20,KC=F,adjclose,0.5192798164237953,0.71053970619962,-0.019418655123319528,0.5651096310680864
2023-04-20,SLV,adjclose,0.5574709430744047,0.560919079079342,-0.3701299103421718,0.19779686947524255
2023-04-20,HG=F,adjclose,0.7608435711686319,0.8766703691881641,-0.23915642883136812,0.07532388668146653
2023-04-20,USO,adjclose,0.6014849623172722,0.8087457922657955,-0.36553559304589667,0.08903814808063089
2023-04-20,CL=F,adjclose,0.5938775944474637,0.7872108551199192,-0.3580882765429877,0.0901307440692514
2023-04-20,GLD,adjclose,0.3276653349621945,0.3010815578583923,-0.6313051970108695,0.5198053185943726
2023-04-20,^N300,adjclose,3.1961400488887968,3.1873516602836895,0.005740698582584525,0.008588096657907445
2023-04-20,^IXIC,adjclose,0.4919233139133716,0.625518121810741,-0.2906762077037699,0.1441933695801192
2023-04-20,^N225,adjclose,213.86884565638775,213.44566076168962,0.00631711943731772,0.010942070574866349
2023-04-20,ALI=F,adjclose,0.9103982300884949,0.8564159292035392,0.37855946398660034,0.15202003252721927
2023-04-20,^RUT,adjclose,0.8436269290050618,0.8916578657210564,-0.08963789619554885,0.21535068612360583
2023-04-20,ZS=F,adjclose,0.7648648648648635,0.8799999999999993,-0.04713804713804726,0.143562790823129
2023-04-20,CC=F,adjclose,0.4346405228758172,0.28562091503268044,1.770833333333314,0.5411054360427202
2023-04-20,SI=F,adjclose,0.6252811462946539,0.5824719014436901,-0.31253865646901746,0.24556230275477675
2023-04-20,DGT,adjclose,0.7524757710582151,0.8712865952073401,-0.18279367006571512,0.1436707892914541
2023-04-20,^STOXX,adjclose,0.8589229909080031,0.8591748233847305,-0.0011218195300555234,0.010633988519228444
2023-04-20,^GSPC,adjclose,0.6502780436910456,0.7898320981811537,-0.1820917087636581,0.15597398248558392
2023-04-20,GSG,adjclose,0.6551718751541493,0.8637927632552518,-0.32142914922875865,0.09483139572977999
2023-04-20,VNO,adjclose,0.72013665207621,0.7098976411372743,0.35256412999555553,0.4109152367621057
2023-04-20,EEM,adjclose,0.6839087893609523,0.8413793405841744,-0.31609121063904766,0.12956392047251206
2023-04-20,GC=F,adjclose,0.4102186216925183,0.3185397182937961,-0.5453081976668399,0.7300292324568364
2023-04-20,IOO,adjclose,0.4692315141129199,0.4961544894611585,-0.05426329080984005,0.11905493475455171
2023-04-20,GDLC,adjclose,0.3157894901951925,0.6782894470602517,-0.6842105098048075,0.21743485698854226
2023-04-20,BXP,adjclose,0.622270678708233,0.6860264580187391,0.26666598849826095,0.7265771702136866
2023-04-20,XRP-USD,adjclose,0.4799473852738161,0.7643157790721472,-0.4624968100790623,0.23286740618342863
2023-04-20,ZC=F,adjclose,0.727722772277227,0.8762376237623762,0.4554455445544541,0.30121971038122614
2023-04-20,ETH-USD,adjclose,0.4531689052714904,0.7405117353655539,-0.5046660592905252,0.2733253227651162
2023-04-20,TLT,adjclose,0.4552720820516214,0.3062185445289238,-0.3868752512394472,0.7622280801516979
2023-04-20,TIP,adjclose,0.2754271765663105,0.17320645378952115,-0.5967369353924893,2.3087937014968785
2023-04-20,BTC-USD,adjclose,0.3915001302716918,0.7173438583662815,-0.5898688931939531,0.3124646442888301
2023-04-20,DBB,adjclose,0.826816029392333,0.915083603629714,-0.10843277974257648,0.0996683991130553
2023-04-20,DBA,adjclose,0.7105265799657694,0.7631584759246905,0.6363610091610519,0.3884504905891463
2023-04-20,PLD,adjclose,0.4639288916888731,0.4366259963301015,0.46666755899398993,2.297972290683868
2023-04-20,SPG,adjclose,0.6243091128086409,0.6019336937977439,0.6802946248269914,1.3828031931388014
2023-04-20,LTC-USD,adjclose,0.5157322576190597,0.7682608288930848,-0.34896731832928096,0.2628808768886225
2023-04-20,LQD,adjclose,0.4504409199890489,0.4451049508023928,-0.4927206907179077,0.6816008817578126
2023-04-21,ETH-USD,adjclose,0.1653995472857703,0.573591644822708,-0.8346004527142297,0.3389463825305694
2023-04-21,DGT,adjclose,0.6831667711614529,0.8475242289417821,-0.14814838071615932,0.13822658510977726
2023-04-21,LTC-USD,adjclose,0.318788535981128,0.6452303997464716,-0.6586629726890041,0.26240519887999325
2023-04-21,HG=F,adjclose,0.6623680522519511,0.816881373782682,-0.31097568421756605,0.08226978663964071
2023-04-21,XRP-USD,adjclose,0.249282244203822,0.6338705679895766,-0.7234831400777808,0.27771892259195874
2023-04-21,IOO,adjclose,0.557691461235315,0.5138464788856375,0.18852089951722073,0.14144734572289652
2023-04-21,^RUT,adjclose,0.865167576299477,0.9163157183678046,0.1661852908521615,0.18507570462137715
2023-04-21,ZS=F,adjclose,0.6135135135135119,0.8432432432432424,-0.23050847457627244,0.16850422142648783
2023-04-21,ALI=F,adjclose,0.7533185840707954,0.863274336283185,0.047692307692306146,0.18682369932420603
2023-04-21,SPG,adjclose,0.6091167076413058,0.6875692467867498,2.366421283138418,1.3123340092917959
2023-04-21,^N225,adjclose,213.1732937716548,213.0670868092074,-0.008801336906310464,0.00922253793706173
2023-04-21,^IXIC,adjclose,0.516293579606458,0.6062455032155455,-0.15728726591647668,0.1461562085390699
2023-04-21,BTC-USD,adjclose,0.128214407571571,0.5522427691251315,-0.8655638686100928,0.38344414289275924
2023-04-21,GDLC,adjclose,0.2651315019649143,0.55368417882523,-0.7014815508158331,0.21471124763050142
2023-04-21,LQD,adjclose,0.48778943670888,0.4034881488712486,-0.299025650055766,0.6657484033833393
2023-04-21,GLD,adjclose,0.0432764646783851,0.2358574400143382,-0.8828456691204201,0.5996892806377725
2023-04-21,USO,adjclose,0.6518150501151183,0.7447194293061316,-0.32937172427304506,0.10857672117026045
2023-04-21,DBB,adjclose,0.6983236651763072,0.867038901367749,-0.25595251611028047,0.11383007097165723
2023-04-21,DBA,adjclose,0.5263164499144217,0.7710534108990167,0.08108317095048223,0.4306617049707444
2023-04-21,PLD,adjclose,0.5005550573728641,0.5214206420375309,5.536211853162321,2.1784140668961514
2023-04-21,MSCI,adjclose,0.9775911780720952,0.9678359591380362,0.05586050026562139,0.04624282239804901
2023-04-21,SLV,adjclose,0.4482752194821433,0.5229880483765058,-0.29729757594607253,0.17844907589448472
2023-04-21,BXP,adjclose,0.5873361990773098,0.7366814951287634,0.7581704398125104,0.6885058467620856
2023-04-21,VNO,adjclose,0.6860068326038107,0.7604095656453346,0.5826767751101607,0.3892023230817944
2023-04-21,GSG,adjclose,0.6551718751541493,0.7974134047164128,-0.3362448870124489,0.08974678707670404
2023-04-21,EEM,adjclose,0.4712637378297017,0.7597698906673742,-0.4640533956981263,0.1709910181438674
2023-04-21,^GSPC,adjclose,0.6831442062578645,0.782571339449936,-0.050460622116442866,0.15412593291990845
2023-04-21,TIP,adjclose,0.3077705451586752,0.1602681140725195,-0.17368659420289334,2.2423227306418854
2023-04-21,^STOXX,adjclose,0.8664895356111638,0.8596860354689888,0.0029586310690523643,0.011246060298814439
2023-04-21,VEU,adjclose,0.6964281456806987,0.7625008089209487,-0.09302531892620713,0.18773400234257
2023-04-21,TLT,adjclose,0.2953787922757378,0.269361231105988,-0.38419819882111084,0.7617783278560266
2023-04-21,^N300,adjclose,3.1852442652002,3.184850964728759,-0.003910088843663173,0.008241183533772586
2023-04-21,CL=F,adjclose,0.6333334890352145,0.7239456517395275,-0.3330941405043816,0.10294551381311048
2023-04-21,SI=F,adjclose,0.4483146223933349,0.5407864916907129,-0.31736534762185376,0.24676661156479862
2023-04-21,CC=F,adjclose,0.7091503267973867,0.4078431372549026,6.233333333333242,0.3799019966821882
2023-04-21,GC=F,adjclose,0.0,0.2522624885948907,-1.0,0.8281736744479634
2023-04-21,ZC=F,adjclose,0.717821782178218,0.8643564356435643,-0.07643312101910837,0.16938753099084433
2023-04-21,SB=F,adjclose,0.2677963778465564,0.2189829754520897,12.166767333185707,2.6005363256403258
2023-04-21,KC=F,adjclose,0.4318763606409472,0.718765959950576,0.10526368624679394,0.5516282384281879
2023-04-22,LTC-USD,adjclose,0.3847317173437292,0.548673716336997,-0.5565129620317603,0.3105573842759681
2023-04-22,BTC-USD,adjclose,0.2750855256210718,0.4638062788302397,-0.6164815181977179,0.735881724196352
2023-04-22,XRP-USD,adjclose,0.4600443423780196,0.564176304690238,-0.43100132034757777,0.5466400334472551
2023-04-22,ETH-USD,adjclose,0.2402917173067917,0.44870462528445537,-0.7221183463504226,0.4614202546748947
2023-04-23,LTC-USD,adjclose,0.3763405860046416,0.42394183353792536,-0.6236594139953584,0.28326185995087716
2023-04-23,BTC-USD,adjclose,0.2136530039697044,0.31132652665953114,-0.7811048433395388,0.7146961523659532
2023-04-23,XRP-USD,adjclose,0.3907869152186909,0.4423336877339762,-0.6092130847813093,0.53168777438002
2023-04-23,ETH-USD,adjclose,0.2026841373054555,0.29880422015087665,-0.7871381194276728,0.4452380300415886
2023-04-24,EEM,adjclose,0.4195395620994837,0.6482756050345188,-0.5705886972814689,0.12347789217356567
2023-04-24,SLV,adjclose,0.5057467106453082,0.5298845396218841,0.07317010764893683,0.1480652309152844
2023-04-24,ZS=F,adjclose,0.4162162162162151,0.7313513513513502,-0.5734072022160679,0.12635095285478024
2023-04-24,BXP,adjclose,0.567685502228434,0.691266588318193,-0.28571458514112336,0.2707425360029704
2023-04-24,LQD,adjclose,0.74389471835444,0.48672256963022703,1.2698913206042213,0.5751115500642167
2023-04-24,^RUT,adjclose,0.8337500163428864,0.8830657216363818,-0.16624998365711363,0.07252194334124844
2023-04-24,ZC=F,adjclose,0.4801980198019802,0.7643564356435644,-0.5101010101010102,0.14170342667877628
2023-04-24,DLR,adjclose,0.644110133517577,0.5607352007607723,0.20093477935356874,0.33392993258035186
2023-04-24,CC=F,adjclose,0.8137254901960791,0.5385620915032685,4.081632653061193,0.40615894065543107
2023-04-24,USO,adjclose,0.737623714073937,0.7184818636623305,-0.15099687542453455,0.1379160401559362
2023-04-24,^N300,adjclose,3.1874796084225365,3.18951819133171,0.007375181686964272,0.006195658373287478
2023-04-24,DBA,adjclose,0.6842101300513512,0.7342108829537886,-0.2121232263098537,0.24647646748107369
2023-04-24,VEU,adjclose,0.7500008514957344,0.7535723652167376,-0.05617895657242933,0.19079982349900224
2023-04-24,GSG,adjclose,0.728447779747242,0.7577581415844801,-0.21395398764570217,0.12349892985227716
2023-04-24,PLD,adjclose,0.4572698967534023,0.5225305874293692,0.01228576302386486,0.2376402976731977
2023-04-24,^STOXX,adjclose,0.8749369057856712,0.8644090682480787,0.027739411239534384,0.00771419681841093
2023-04-24,KC=F,adjclose,0.5629819365720667,0.6750641536077826,-0.2796053192952459,0.30521725628129215
2023-04-24,WPC,adjclose,0.6020781524717655,0.46851356131764205,0.37007845634439107,0.27441198802027206
2023-04-24,VNO,adjclose,0.7167236050317545,0.7610921750542259,0.004784798158724568,0.27238042651328725
2023-04-24,DBB,adjclose,0.6201117556549125,0.8156423819042786,-0.29299310438665904,0.11703145921478947
2023-04-24,DGT,adjclose,0.7425726868253477,0.8217812458296507,-0.1477295386829489,0.1383331918121965
2023-04-24,MSCI,adjclose,0.9777047912911314,0.9837707673187422,0.08872083819974064,0.0411016311430392
2023-04-24,BTC-USD,adjclose,0.1957094713091853,0.2408325077486449,-0.6429829138179213,0.6892372769230946
2023-04-24,AVB,adjclose,0.2726504560841363,0.320406470451433,-0.22596192642042412,0.3499800095148647
2023-04-24,CL=F,adjclose,0.6938776463480902,0.6957823993556019,-0.16870407286411282,0.12173160436380052
2023-04-24,SB=F,adjclose,0.6338981889232773,0.31864398451102927,3.6750017881410715,1.293391405175331
2023-04-24,ETH-USD,adjclose,0.1430128701697244,0.24091143546784646,-0.6693166609374208,0.4041084925764502
2023-04-24,GDLC,adjclose,0.2335526470579934,0.45302630039298286,-0.6830356648685925,0.21706110571931428
2023-04-24,LTC-USD,adjclose,0.4393157530668103,0.4069817700030738,-0.16179682785600435,0.23288108921677328
2023-04-24,SPG,adjclose,0.5497243827723164,0.6566301460228615,-0.21960695142767073,0.13590936191556893
2023-04-24,EQIX,adjclose,0.3952287357665511,0.32517490276575245,0.26427955735273856,0.24920389865755926
2023-04-24,^IXIC,adjclose,0.4496839798248864,0.560710556512818,-0.336121362330291,0.13112394705529912
2023-04-24,SI=F,adjclose,0.5904495447546321,0.5692134761629724,0.3170427982083377,0.23590747042221075
2023-04-24,XRP-USD,adjclose,0.3568783873024856,0.38738785487536687,-0.4349681437453382,0.5077218297782066
2023-04-24,^N225,adjclose,213.25079509370823,213.29243102486376,0.0053116134201713905,0.006372332709026176
2023-04-24,ALI=F,adjclose,0.7024336283185839,0.8610619469026541,-0.015503875968990832,0.19109055278413165
2023-04-24,^GSPC,adjclose,0.7141603295651322,0.7574065031031182,-0.14979345457153015,0.12851660212551555
2023-04-24,TLT,adjclose,0.5690983939572334,0.35500012437088985,3.0389107920442617,0.6540708175691038
2023-04-24,GLD,adjclose,0.1298293940351591,0.21360083770028596,-0.46153996635235595,1.095102203867598
2023-04-24,VTR,adjclose,0.4583336121856227,0.30394737722691545,1.2717438176902789,0.3236398969749843
2023-04-24,HG=F,adjclose,0.599062201802143,0.7638919743234702,-0.30664835232378773,0.08175434656300073
2023-04-24,IOO,adjclose,0.576923415505874,0.53615425471042,0.23967035946456083,0.1388218557175258
2023-04-24,TIP,adjclose,0.5794915556966771,0.2663676596082496,10.82784810126408,2.0130660774290825
2023-04-25,VEU,adjclose,0.0,0.5607147114621526,-1.0,0.4520585092689622
2023-04-25,DLR,adjclose,0.6566415880356828,0.561904786185762,0.00898583910108286,0.32572718552830476
2023-04-25,^IXIC,adjclose,0.0,0.426867064904971,-1.0,0.42828610786986776
2023-04-25,DGT,adjclose,0.3069301446056798,0.6831672747507866,-0.6930698553943202,0.25313233123727924
2023-04-25,IOO,adjclose,0.2153838027859045,0.4776925176136408,-0.5757593272259638,0.32902214685392545
2023-04-25,^GSPC,adjclose,0.1378085639608031,0.610714739004635,-0.8418297684271889,0.36484364414901055
2023-04-25,EEM,adjclose,0.0,0.45862044018056236,-1.0,0.38217103888964715
2023-04-25,^STOXX,adjclose,0.8588265017502158,0.8635597633331672,-0.004920237853614617,0.011554819291604644
2023-04-25,VNO,adjclose,0.573378884025403,0.7392491947474357,-0.15999984741210993,0.2910062609589265
2023-04-25,^N300,adjclose,3.2037005168618005,3.1908414353161425,0.0020694543238968244,0.004505895618693168
2023-04-25,MSCI,adjclose,0.1463331333555944,0.8178358898616832,-0.8500696662055374,0.3807810824414831
2023-04-25,TIP,adjclose,1.0,0.4423366210879379,7.322569989264299,2.0251879350631823
2023-04-25,VTR,adjclose,0.6293860676473351,0.39385967260510596,2.4999999999999813,0.27101781502791916
2023-04-25,XRP-USD,adjclose,0.4358925415493808,0.3785768861304798,-0.0917909860042293,0.500167064859687
2023-04-25,TLT,adjclose,0.9891590040379086,0.5045967481157803,3.101400945423288,0.6567168805303712
2023-04-25,LTC-USD,adjclose,0.5519609321754007,0.41422750491434196,0.0702470594404836,0.2610269297921662
2023-04-25,SPG,adjclose,0.4102212841202117,0.599171514951616,-0.41188130180053684,0.16313837707637407
2023-04-25,ETH-USD,adjclose,0.2171862365516741,0.1937149017238832,-0.5207388811870062,0.49644043716615655
2023-04-25,SB=F,adjclose,0.8847456662759292,0.4616947995311147,4.2199974060058745,1.2817615892778622
2023-04-25,BTC-USD,adjclose,0.4082385834505597,0.24418019838441846,0.042754655451204604,0.8196544585925665
2023-04-25,AVB,adjclose,0.1464856973048398,0.29110907258585494,-0.5000022050230437,0.4047724768395007
2023-04-25,KC=F,adjclose,0.341902053464608,0.5434445643007042,-0.658097946535392,0.28536418459144686
2023-04-25,LQD,adjclose,1.0,0.5827618460231392,0.9238034621217697,0.5566735930002761
2023-04-25,SLV,adjclose,0.4540224782162116,0.5114937501438728,-0.16842109489974422,0.13379333657701994
2023-04-25,WPC,adjclose,0.7889270798684258,0.5653989725394538,1.5908933277846984,0.1649798765926497
2023-04-25,USO,adjclose,0.6031354799925097,0.6671617170545631,-0.298464493119451,0.15407622853580422
2023-04-25,GLD,adjclose,0.2751156790513605,0.1981448900754209,-0.21929836302552563,1.1505656373347202
2023-04-25,CL=F,adjclose,0.578911529672367,0.6442177771065298,-0.30813007928365577,0.1331999547051447
2023-04-25,EQIX,adjclose,0.3471842190252214,0.3398154183896071,0.26718059603271893,0.2488175784686322
2023-04-25,GSG,adjclose,0.5689654605425414,0.6827582237977939,-0.3972600353600021,0.13967500338476546
2023-04-25,BXP,adjclose,0.189956180936667,0.5886463565877271,-0.7298140987366487,0.3945584236695266
2023-04-25,ZC=F,adjclose,0.3861386138613856,0.6415841584158415,-0.6138613861386144,0.11798106403333966
2023-04-25,DBB,adjclose,0.3575424411492669,0.687150870134132,-0.6424575588507331,0.14271375833425193
2023-04-25,PLD,adjclose,0.1742507572235787,0.4543841064761779,-0.6616379522965462,0.35848114955289756
2023-04-25,DBA,adjclose,0.5921050650256738,0.6526318959589232,-0.40789493497432616,0.22867047787830921
2023-04-25,CC=F,adjclose,0.6372549019607856,0.6006535947712426,0.9500000000000006,0.3085159332271688
2023-04-25,GDLC,adjclose,0.184210352950477,0.3286841709825136,-0.7714287716167817,0.15522908899592744
2023-04-25,ZS=F,adjclose,0.1999999999999993,0.5713513513513504,-0.8000000000000004,0.16698527505783228
2023-04-25,^RUT,adjclose,0.322978966345282,0.7650122825851696,-0.6463396399291178,0.27305834126240974
2023-04-25,^N225,adjclose,214.044249359001,213.3409503768561,0.00113468140686801,0.005459706553384318
2023-04-25,HG=F,adjclose,0.3481827364857501,0.6497067703596293,-0.621173518261831,0.146601896240374
2023-04-25,SI=F,adjclose,0.3494389932632042,0.5275282807187479,-0.3736136668344153,0.2951683091114623
2023-04-25,ALI=F,adjclose,0.4988938053097342,0.7730088495575217,-0.4687868080094224,0.13132869640105582
2023-04-26,^STOXX,adjclose,0.8559278282668911,0.8630207524643889,-0.0031388102955005603,0.011418708145632884
2023-04-26,TLT,adjclose,0.6802113476000535,0.5978239239845109,2.1774371586816215,0.7050243780260929
2023-04-26,XRP-USD,adjclose,0.3637994592735345,0.40148032914442233,0.4593877732265568,0.42812705948839586
2023-04-26,USO,adjclose,0.4166666404379979,0.6021451693873671,-0.4382649283418377,0.19080236651919757
2023-04-26,KC=F,adjclose,0.5167097495440025,0.47454998332908394,-0.3999998178055032,0.41521806927843957
2023-04-26,DLR,adjclose,0.6591477514640527,0.5812865057249134,0.17236188025370747,0.3124270522902335
2023-04-26,GDLC,adjclose,0.1644736862743991,0.23263153568859524,-0.7448979641486584,0.16639410063135224
2023-04-26,VTR,adjclose,0.5109647508399036,0.44166672243712524,0.8790338954894157,0.31757766756707567
2023-04-26,AVB,adjclose,0.1016085686968661,0.2199829452957441,-0.7777780917449848,0.2082015532829518
2023-04-26,^GSPC,adjclose,0.0,0.4370782286949691,-1.0,0.48707396267561986
2023-04-26,^N300,adjclose,3.185329611117805,3.191578810098228,0.0011587956961067736,0.004779268064664838
2023-04-26,WPC,adjclose,0.2076146125375544,0.5314890786118198,-0.4495376883718618,0.4560842026162478
2023-04-26,HG=F,adjclose,0.3575612774761296,0.5456035678369211,-0.5927906557751712,0.16371450007532407
2023-04-26,TIP,adjclose,0.747692948857889,0.5820764452559104,14.260962025314345,1.9565753329582247
2023-04-26,CL=F,adjclose,0.3904764425649496,0.578095340413617,-0.45849035961778184,0.1781550579697253
2023-04-26,PLD,adjclose,0.0,0.31920092060774363,-1.0,0.43080237331487253
2023-04-26,MSCI,adjclose,0.0,0.6203258205437642,-1.0,0.5078853811811002
2023-04-26,DBA,adjclose,0.6315797398973046,0.6289475929709042,-0.15789508907657668,0.21288190232938559
2023-04-26,GSG,adjclose,0.392241365135634,0.5999996711467432,-0.5133687875987605,0.17231951850308286
2023-04-26,ALI=F,adjclose,0.4513274336283182,0.6632743362831853,-0.5486725663716818,0.09114236371261773
2023-04-26,CC=F,adjclose,0.7254901960784323,0.6640522875817002,0.7760000000000009,0.3057788114957393
2023-04-26,EQIX,adjclose,0.2932967313838279,0.33913363938427954,-0.011489148580964503,0.26756347866522684
2023-04-26,DBB,adjclose,0.407821830286549,0.5821231443318737,-0.5628734034521874,0.20033001860348448
2023-04-26,LQD,adjclose,0.74389471835444,0.6852039586813617,2.210813955538344,0.4527796504603511
2023-04-26,ZC=F,adjclose,0.2871287128712865,0.5198019801980195,-0.6795580110497246,0.11748770759665486
2023-04-26,^RUT,adjclose,0.1380457978450664,0.6007138571675548,-0.8561330466904836,0.3053422044139439
2023-04-26,SLV,adjclose,0.3620685308261553,0.46551677644884465,-0.3883496044561654,0.13469537726172326
2023-04-26,GLD,adjclose,0.119011457060786,0.17897966595757703,-0.44603984850979317,1.1861180216227245
2023-04-26,VNO,adjclose,0.5802049781143159,0.6552901903702988,-0.41979502188568407,0.1400249866138024
2023-04-26,ZS=F,adjclose,0.0999999999999996,0.41891891891891786,-0.8840125391849535,0.17991783824717816
2023-04-26,BXP,adjclose,0.3820962353585937,0.4698689592618475,-0.6085012254818302,0.6323046073157966
2023-04-26,LTC-USD,adjclose,0.4329285404738767,0.4370555058128917,0.35804300220979624,0.1953250601369959
2023-04-26,SI=F,adjclose,0.3460679165867457,0.47191044465851417,-0.4455435685787099,0.282019041859967
2023-04-26,ETH-USD,adjclose,0.2166006285475594,0.20395511797624102,0.30955998430470943,0.36454277294753534
2023-04-26,DGT,adjclose,0.1914193413555125,0.5353129430012415,-0.7943255695668282,0.25959944297143084
2023-04-26,IOO,adjclose,0.3269226819098136,0.4292305751099653,-0.42567800935114364,0.4265351512864568
2023-04-26,SPG,adjclose,0.2886736125088394,0.4964090199702628,-0.6402758664159419,0.11375778671584644
2023-04-26,^N225,adjclose,212.9132842530756,213.45009362676547,0.002569677915875257,0.005026817403768336
2023-04-26,SB=F,adjclose,0.8372882276457023,0.6067795601975619,6.48484813455484,1.2261587411094281
2023-04-26,BTC-USD,adjclose,0.4395106878504533,0.3064394544401949,2.4279352545080597,0.6621292622862172
2023-04-27,SHY,adjclose,0.3694634633314848,0.42118834819789586,0.5000191182655649,0.7220479901123695
2023-04-27,SPG,adjclose,0.6008286958052018,0.49171293656957504,-0.037610242300973984,0.5696633129616274
2023-04-27,KC=F,adjclose,0.323907662737561,0.4354755525918371,-0.3762367561900132,0.41002611200708194
2023-04-27,BXP,adjclose,0.7401748598014866,0.4934497954804982,0.18947410689189126,0.7182281171990007
2023-04-27,LQD,adjclose,0.5304763733054472,0.7012110493446414,0.17768246570126012,0.358979344897126
2023-04-27,^N300,adjclose,3.193748825387326,3.191100565397934,-0.0007481598005388834,0.004409614371738658
2023-04-27,ETH-USD,adjclose,0.3471112206191371,0.2253190186387101,0.44454092929039213,0.40438064651773986
2023-04-27,^RUT,adjclose,0.3856949647937995,0.5091274643253023,-0.5428133556041508,0.981315139214259
2023-04-27,XRP-USD,adjclose,0.4075646088210667,0.3909843824330317,-0.1140753808332462,0.17341764818514357
2023-04-27,VNO,adjclose,0.5392493900390845,0.6191127379628737,-0.2511846349100737,0.09449852414558543
2023-04-27,DLR,adjclose,1.0,0.7065997761534597,1.6778518907921587,0.2652940690630042
2023-04-27,CL=F,adjclose,0.4217688875463929,0.5436735990334028,-0.289805017919894,0.1877331659467618
2023-04-27,ALI=F,adjclose,0.4203539823008846,0.5652654867256632,-0.5382746051032807,0.09462813367495976
2023-04-27,LTC-USD,adjclose,0.4927594196590221,0.4586610462759502,0.28078709772393995,0.1862601024436719
2023-04-27,GLD,adjclose,0.1205562028027102,0.13755783952568018,-0.6320752000921313,1.19916096536273
2023-04-27,SLV,adjclose,0.3965509870530468,0.4333327852445731,-0.2886607060341083,0.1580991002130426
2023-04-27,CC=F,adjclose,0.6405228758169947,0.7052287581699357,0.47368421052631793,0.3288077357246362
2023-04-27,GDLC,adjclose,0.3618419215784811,0.24184202196525298,0.14583269175558433,0.604883139697441
2023-04-27,WPC,adjclose,0.7474062693044843,0.5930807448824972,0.7007845634439107,1.2511914571987623
2023-04-27,USO,adjclose,0.4537951047861552,0.5726071978811437,-0.24554206137112589,0.19627823092957744
2023-04-27,ZS=F,adjclose,0.0,0.2659459459459451,-1.0,0.30544406110549105
2023-04-27,EQIX,adjclose,0.5057627266404996,0.3872427478012088,0.9069757017724058,0.39574516742950683
2023-04-27,DBB,adjclose,0.4469277850472455,0.5061454954628563,-0.4594592156423064,0.22565002313356022
2023-04-27,ZC=F,adjclose,0.0,0.37425742574257403,-1.0,0.3768599637671429
2023-04-27,TLT,adjclose,0.3956507499564701,0.5858996575654807,-0.13095758436686022,0.6579299877199901
2023-04-27,DGT,adjclose,0.6930698553943202,0.5234317598684626,-0.07894728036273069,1.3061102404713996
2023-04-27,DBA,adjclose,0.5789468400684648,0.6026316449914433,-0.18518623174328497,0.21463942347578593
2023-04-27,GSG,adjclose,0.4051718751541493,0.5499996711467432,-0.3815792610773773,0.17916472964621247
2023-04-27,SI=F,adjclose,0.4089889663138777,0.428652008662359,-0.3459118850176428,0.30504866408303044
2023-04-27,IOO,adjclose,0.8615381455278524,0.507691901392952,0.8360619856417495,0.8306127494314369
2023-04-27,BTC-USD,adjclose,0.7250768496855704,0.3964377192530946,1.6358233427532576,0.5502797666108964
2023-04-27,^N225,adjclose,212.68500674204867,213.21332584389765,-0.005535349997825678,0.003446686393790504
2023-04-27,^STOXX,adjclose,0.8564731797848072,0.8625307902397499,-0.0028521894851202267,0.011425259660260144
2023-04-27,BNDW,adjclose,0.2461367299024033,0.39595880269303335,-0.1481313703284003,1.071627665227563
2023-04-27,VTR,adjclose,0.8004385231090474,0.5539473772269151,2.348621284607858,0.30867681233460903
2023-04-27,SB=F,adjclose,1.0,0.7247456921382931,1.4380174278201991,0.6523387448913158
2023-04-27,TIP,adjclose,0.5083252297128382,0.6286560558852159,0.8455885001981871,0.5522347504783904
2023-04-27,AVB,adjclose,0.6596100674436034,0.2948347502519446,1.311574057304309,2.554001363341639
2023-04-27,AGG,adjclose,0.3862238492620378,0.5131241625961394,0.24446332965070927,0.8449469504442563
2023-04-27,HG=F,adjclose,0.3915592572074793,0.47174670504469063,-0.485361680054605,0.19785476826211582
2023-04-28,SI=F,adjclose,0.4179781469365089,0.42258471357099375,-0.06766782509763836,0.27323963531375856
2023-04-28,BNDW,adjclose,0.7598105381991189,0.5222372199180227,4.916677283730755,1.1865048347193579
2023-04-28,DBB,adjclose,0.48044702261965,0.4625701669515248,-0.31199951171875207,0.23259337530333168
2023-04-28,DGT,adjclose,0.838282357503104,0.5544548771367929,0.22705376328233706,1.2885587802134078
2023-04-28,IOO,adjclose,0.9500010270344816,0.5861538145527853,0.7034527029160191,0.8356540385218226
2023-04-28,CL=F,adjclose,0.5591835823784921,0.5288436177020583,-0.11707877120105914,0.25253233468445485
2023-04-28,DBA,adjclose,0.5394746748716308,0.605263289982885,0.025000596047014323,0.17525727846152608
2023-04-28,GDLC,adjclose,0.3486840392248762,0.2585525294172454,0.31513621218431687,0.5929102050271335
2023-04-28,GSG,adjclose,0.5258618421701673,0.5241376645499468,-0.1973681073436766,0.24760025803960165
2023-04-28,LTC-USD,adjclose,0.4945348827589808,0.48229990562681807,0.3140620521669737,0.18363070174270388
2023-04-28,SLV,adjclose,0.45976973695028,0.4356316887382004,0.025641652646816837,0.15904581695060416
2023-04-28,GLD,adjclose,0.1282846482932313,0.15455947624864944,1.964305177111763,1.0242653103028558
2023-04-28,SB=F,adjclose,1.0,0.8711864165689818,2.734180454722155,0.5791173976109629
2023-04-28,WPC,adjclose,1.0,0.669205222836446,0.6145239729092671,1.253048986099146
2023-04-28,USO,adjclose,0.5932342624052431,0.5608910403391686,-0.08987332787042757,0.24912206790711458
2023-04-28,AVB,adjclose,0.889923512235459,0.4140556603529809,2.0288157952596633,2.5295355072498786
2023-04-28,BTC-USD,adjclose,0.6887997652456352,0.49146707150828084,2.223917999970203,0.5132098996712957
2023-04-28,EQIX,adjclose,0.5745825812497891,0.42321099881317786,0.455592670764114,0.35837099712720877
2023-04-28,ALI=F,adjclose,0.6338495575221224,0.5413716814159286,-0.15859030837004495,0.3001029423222672
2023-04-28,CC=F,adjclose,0.7189542483660141,0.7071895424836612,0.013824884792626557,0.16996507658948545
2023-04-28,TLT,adjclose,0.8536548459044653,0.6975548682912261,1.8900343160302908,0.7316214765706497
2023-04-28,^STOXX,adjclose,0.8638236553167274,0.8619976141808625,-0.0030766445350733918,0.011379269683990733
2023-04-28,KC=F,adjclose,0.2082264106536957,0.3907455625943868,-0.5178564292227823,0.4346161292610453
2023-04-28,^RUT,adjclose,0.597167524002252,0.45552745386585725,-0.30976663901752255,0.9965181316239328
2023-04-28,XRP-USD,adjclose,0.5289850768351037,0.41862401475631417,0.3536407086175717,0.19818226931016109
2023-04-28,ETH-USD,adjclose,0.2968089268997449,0.24414397655756798,0.464391495287263,0.4023303780279674
2023-04-28,BXP,adjclose,0.8580790408947383,0.5475983638439839,0.4609674020480239,0.7024040002126225
2023-04-28,LQD,adjclose,0.9839929093367203,0.8004517438702095,1.017249319656715,0.49847617570873315
2023-04-28,VNO,adjclose,0.6075087034978033,0.6034131121416723,-0.11442761992334616,0.12412415336711158
2023-04-28,^N300,adjclose,3.231640689860287,3.2003798503299508,0.014566049193458275,0.0064148216066891115
2023-04-28,SHY,adjclose,0.4803025023309288,0.4803025023309317,1.5999999999998922,0.6704285627629144
2023-04-28,DLR,adjclose,0.7827904587324372,0.74853798634995,0.36588949167773177,0.2694221418612641
2023-04-28,^N225,adjclose,215.6652294577349,213.71171298111366,0.011689717984793013,0.007277051592578492
2023-04-28,SPG,adjclose,0.9765195829965628,0.5651935116406264,0.6031732026822221,0.6118955432874914
2023-04-28,VTR,adjclose,1.0,0.6798245907563818,1.698225600025273,0.27725999273951624
2023-04-28,HG=F,adjclose,0.4044545414398257,0.42016400288226546,-0.3893809641561946,0.20587185878328457
2023-04-28,AGG,adjclose,0.7379598468144337,0.6220937470328238,2.8214100357835954,0.7999676327999962
2023-04-28,TIP,adjclose,0.5924259262934441,0.6855871321121697,0.9248948140505489,0.5501862453666201
2023-04-29,LTC-USD,adjclose,0.551092291626496,0.5046552133387552,0.254433258492069,0.17805306786844644
2023-04-29,BTC-USD,adjclose,0.6638661348256294,0.5850984042115697,2.3921001900661305,0.503800302166537
2023-04-29,ETH-USD,adjclose,0.3475149580962,0.2850443941428631,1.4299558332321922,0.3241559331608949
2023-04-29,XRP-USD,adjclose,0.5121166681875837,0.4496716709333338,0.43498930282242076,0.18807215801398797
2023-04-30,ETH-USD,adjclose,0.2486241796488384,0.29133198276229594,0.144751083661254,0.34312626009806085
2023-04-30,XRP-USD,adjclose,0.4570639751656764,0.45390595765659303,0.04857030483027236,0.18747053030246355
2023-04-30,BTC-USD,adjclose,0.6693863646132208,0.6373279604441018,0.6396940214600948,0.2948803115774929
2023-04-30,LTC-USD,adjclose,0.4445823238966517,0.4831794916830054,-0.1945402328667466,0.16687181162103917
2023-05-01,LQD,adjclose,0.0374751357069627,0.659167827340714,-0.9496230652237174,0.689910509562562
2023-05-01,VNO,adjclose,0.4948807549193965,0.5590445421192006,-0.3095235716459056,0.13725664746835858
2023-05-01,TLT,adjclose,0.0217338131285913,0.5880819521254977,-0.9618100958298882,0.8803236086134146
2023-05-01,^RUT,adjclose,0.5997852908234371,0.40873450876196743,-0.2806173564418011,0.9940219282205689
2023-05-01,VTR,adjclose,0.916666387814379,0.771491145882133,0.9999981747861293,0.3147831293294523
2023-05-01,WPC,adjclose,0.8685130333317481,0.7224921990084425,0.44252540931133866,1.2646900886826287
2023-05-01,BTC-USD,adjclose,0.3495462777583507,0.6193350784256813,-0.20469220107501374,0.4039108625952366
2023-05-01,GDLC,adjclose,0.1776315686280041,0.2473683137312475,-0.23943671431008673,0.6543950508896672
2023-05-01,LTC-USD,adjclose,0.3698884640080542,0.470571476389841,-0.14561312219522382,0.1545659652394143
2023-05-01,SB=F,adjclose,0.5084747735265065,0.8461017334896276,-0.19786050439710468,0.33107100726287747
2023-05-01,USO,adjclose,0.5148516690088876,0.5163366313261587,-0.30201312785168877,0.24408700382795864
2023-05-01,DBA,adjclose,0.2499987451626033,0.5184210130051354,-0.6346170069948535,0.2279057188656468
2023-05-01,SHY,adjclose,0.2593401832719593,0.47305638485228485,-0.1225783838899085,0.7329005660594682
2023-05-01,XRP-USD,adjclose,0.3903338799634768,0.45921284179458144,0.07293694372973625,0.18274728312935856
2023-05-01,BXP,adjclose,0.7379918192199195,0.581659627242281,0.3000011737536943,0.7158397505867599
2023-05-01,HG=F,adjclose,0.5146542148651303,0.40328240549486305,-0.14090020482529253,0.2551742951813516
2023-05-01,DBB,adjclose,0.5810058008942143,0.45474897599938513,-0.06306275345384738,0.25287952858519236
2023-05-01,SI=F,adjclose,0.4235962508826834,0.389214054796604,-0.28258687868289656,0.21930513583313377
2023-05-01,TIP,adjclose,0.0,0.5696888209728342,-1.0,0.6378171991384894
2023-05-01,SPG,adjclose,1.0,0.6552486350861632,0.8190934063300914,0.5988089945176376
2023-05-01,SLV,adjclose,0.3965509870530468,0.41379254401974813,-0.2159099037004768,0.15638771089800726
2023-05-01,AVB,adjclose,1.0,0.5595255691361537,2.6676997147270987,2.5102386707351045
2023-05-01,KC=F,adjclose,0.1773777629591855,0.31362472787181056,-0.6849316977393296,0.3836902772951723
2023-05-01,GSG,adjclose,0.4612068256781771,0.47068947373613385,-0.36686357141728476,0.2390860823312072
2023-05-01,ETH-USD,adjclose,0.1096215168681133,0.2699361604264067,-0.49390028273143494,0.4465243003027979
2023-05-01,AGG,adjclose,0.0320402586852708,0.5360840621604268,-0.9306621004566039,0.8408341987168912
2023-05-01,BNDW,adjclose,0.2494253155651478,0.5121931266923468,-0.1675994430642258,1.307995208293985
2023-05-01,GLD,adjclose,0.0,0.1285935974416176,-1.0,0.798585031350263
2023-05-01,^N225,adjclose,211.77260574557152,213.41607511148635,-0.0069316944280894965,0.011791259717879213
2023-05-01,ALI=F,adjclose,0.7710176991150437,0.5550884955752207,0.09763779527559002,0.31141221810852465
2023-05-01,IOO,adjclose,0.8153861502932926,0.633846361510269,0.4133351643880203,0.8548678574419613
2023-05-01,GC=F,adjclose,0.0569346629790139,0.13313861484945305,-0.593746423712225,0.6014554078302403
2023-05-01,CC=F,adjclose,0.7091503267973867,0.6862745098039227,-0.1285140562248991,0.15296689138468844
2023-05-01,^N300,adjclose,3.17587868329765,3.1980596653049735,-0.003639529204902958,0.011202257104124074
2023-05-01,DGT,adjclose,0.9009893012446212,0.5861382000206475,0.21333482530381964,1.289286508591596
2023-05-01,DLR,adjclose,0.597326716517987,0.7391813029500319,-0.07263263619856297,0.30398306148464355
2023-05-01,CL=F,adjclose,0.4829934620780287,0.4866667808480461,-0.30392128263528106,0.25235196834581247
2023-05-01,EQIX,adjclose,0.5409840125696199,0.4523620541737916,0.36878714428588966,0.36414089297288843
2023-05-02,SHY,adjclose,0.5926389843757391,0.4536517832757312,-0.1406819702576867,0.7131802903843756
2023-05-02,USO,adjclose,0.2260724509274725,0.4409240255131512,-0.6251713612830735,0.3378623247902461
2023-05-02,SPG,adjclose,0.8011056302629935,0.7334255043147195,0.9528621777417006,0.5879907563751939
2023-05-02,^STOXX,adjclose,0.8448832406540953,0.8559868811545475,-0.03434952272882863,0.012915841987385192
2023-05-02,VTR,adjclose,0.8092106584037158,0.8074560640334092,0.2857142857142845,0.3172963041862312
2023-05-02,ALI=F,adjclose,0.7356194690265472,0.6024336283185832,0.474501108647448,0.2587329926649284
2023-05-02,SI=F,adjclose,0.6455054632658719,0.4484273487971375,0.8472622566757015,0.22430279171059522
2023-05-02,^N300,adjclose,3.1955944001835537,3.1964384419693244,-0.002530235468509723,0.011356406050894606
2023-05-02,DGT,adjclose,0.3201317389695077,0.5887785188934131,0.04301172301204992,1.3004694333233595
2023-05-02,VNO,adjclose,0.2389080853346383,0.4921503823810477,-0.5833329548912134,0.24621060517299073
2023-05-02,CC=F,adjclose,0.575163398692812,0.673856209150328,-0.09743589743589687,0.1441136606042676
2023-05-02,CL=F,adjclose,0.2108847032763305,0.4130614155688388,-0.6357220534272656,0.34561696455772806
2023-05-02,XRP-USD,adjclose,0.3901980773810138,0.45573953550657087,-0.04261049920474658,0.17508099097694377
2023-05-02,TLT,adjclose,0.71998308555888,0.5342467684296921,-0.2721260357335964,14.450534133015838
2023-05-02,SB=F,adjclose,0.3728809833388169,0.7437287969022052,-0.578544436495126,0.26319639029882236
2023-05-02,ETH-USD,adjclose,0.2296605926186972,0.24644603482631874,-0.33836597903964316,0.6378594785850821
2023-05-02,EQIX,adjclose,0.23518899009132,0.4299630083870113,-0.3225815656263036,0.47142768552915476
2023-05-02,GSG,adjclose,0.2025859375770746,0.39741356914304043,-0.6439398318064911,0.32703574482209624
2023-05-02,DLR,adjclose,0.4152047380001171,0.6908939329429188,-0.367684372166884,0.33628645170457205
2023-05-02,LQD,adjclose,0.7334425251910517,0.6058563323789243,-0.2665574748089483,8.403375959600844
2023-05-02,BNDW,adjclose,0.8820526664539585,0.5323598465326598,0.1290721174486995,1.558597542923493
2023-05-02,WPC,adjclose,0.4013854349811794,0.6449838700309932,-0.49122619159159686,1.3466907713712375
2023-05-02,IOO,adjclose,0.6461543427419478,0.7200004695014777,2.0000136239782025,0.756481240227547
2023-05-02,AGG,adjclose,0.6957863420089296,0.497303427685236,-0.21794476527018025,9.370119433072862
2023-05-02,BTC-USD,adjclose,0.5095613054337891,0.5762319695753251,-0.2972313132673311,0.33159803633147006
2023-05-02,AVB,adjclose,0.7104149978035608,0.6723114292358978,3.8497226068779424,2.485412323440154
2023-05-02,DBA,adjclose,0.0,0.4000000000000007,-1.0,0.4410654676031834
2023-05-02,LTC-USD,adjclose,0.4346635942882271,0.458952311315682,-0.11789896459208415,0.16462848478238956
2023-05-02,BXP,adjclose,0.3886461900069893,0.6213976290563454,1.0459781202727338,0.6564358899427943
2023-05-02,HG=F,adjclose,0.352872286486841,0.4042203154950812,0.013468645942711133,0.2129246468724084
2023-05-02,GDLC,adjclose,0.3223682745176646,0.27499989804468505,0.7500008514957348,0.7028666986551547
2023-05-02,SLV,adjclose,0.6609194079325977,0.45517192996302536,0.45569754724315437,0.3432485070762006
2023-05-02,^RUT,adjclose,0.158276109028101,0.3757939372985312,-0.509949174650292,1.0214204345921998
2023-05-02,DBB,adjclose,0.3910616787216714,0.4614528235138661,0.09374897554724382,0.2108093495988638
2023-05-02,KC=F,adjclose,0.2493568948947775,0.29511569615784444,-0.2706773990739144,0.4226425785708092
2023-05-02,^N225,adjclose,213.66456471539573,213.34013818276532,-0.001773860520627446,0.012555715470048922
2023-05-02,GC=F,adjclose,0.5080299098996335,0.192408830406022,1.4000033674568835,3.6388140230369928
2023-05-03,DLR,adjclose,0.4185465016966949,0.6427736829894473,-0.3650186915345629,0.33645355781996716
2023-05-03,EQIX,adjclose,0.1452688578963332,0.4003574336895124,-0.5047034543790242,0.5020341067928781
2023-05-03,GDLC,adjclose,0.2368418823648985,0.2894735372627849,0.43999862670898127,0.7275549815843847
2023-05-03,BTC-USD,adjclose,0.5980691135104212,0.5580858392282823,-0.13172282615813358,0.341412552969206
2023-05-03,VEU,adjclose,0.1964298486721745,0.46785807950245156,2.6666030898344246,4.982879297561446
2023-05-03,SHY,adjclose,0.8395193113645547,0.5082528889349334,0.481904476917165,0.7004970867975556
2023-05-03,BXP,adjclose,0.1834062262882732,0.5816596272422814,-0.5199999128069185,0.597024293388082
2023-05-03,IOO,adjclose,0.5384624413489938,0.7623084213893137,0.6470635754099696,0.7869215877601465
2023-05-03,LQD,adjclose,0.8298077433637303,0.6230389373807824,0.11549083881027866,8.360783138783445
2023-05-03,SPG,adjclose,0.1850824217222832,0.7127072661574083,-0.3588523034241107,0.7203047522359406
2023-05-03,DBB,adjclose,0.3519557239609749,0.45027960224875124,-0.1369865519124387,0.209206256313957
2023-05-03,GC=F,adjclose,0.7167879647582112,0.317664376140511,6.919413270328827,3.5247348162232757
2023-05-03,EEM,adjclose,0.2126450515312505,0.37816153692689264,0.6818213344430508,1.1408716292125405
2023-05-03,ALI=F,adjclose,0.5055309734513269,0.613274336283185,0.12009803921568607,0.312969214034661
2023-05-03,SLV,adjclose,0.7068963816276259,0.5241375001233195,0.952382826573341,0.29875723039268004
2023-05-03,^IXIC,adjclose,0.427260014684883,0.6390706460979885,3.098064196482256,2.3761118201440166
2023-05-03,XRP-USD,adjclose,0.3769987683272737,0.4253422738050049,-0.28731681698311395,0.06043372534002914
2023-05-03,DGT,adjclose,0.1947203694331349,0.5894387245089375,0.017245008023988317,1.3027163930820127
2023-05-03,WPC,adjclose,0.1072682537922595,0.6249145982819343,-0.48332994252581196,1.3459008213418568
2023-05-03,CC=F,adjclose,0.1960784313725501,0.5679738562091515,-0.7297297297297286,0.296788311963096
2023-05-03,AVB,adjclose,0.6723119460451183,0.7864521047055483,5.61668552827331,2.452684103810368
2023-05-03,KC=F,adjclose,0.1748069115656942,0.22673512856218275,-0.6616922523332264,0.3254641682891005
2023-05-03,HG=F,adjclose,0.3141853157662009,0.3955451231530954,-0.12131056812443686,0.22084389482540623
2023-05-03,USO,adjclose,0.0,0.3575906974255517,-1.0,0.5239666889812995
2023-05-03,SB=F,adjclose,0.3830507115706272,0.6528812936871902,-0.5425103340486537,0.27093917368886644
2023-05-03,LTC-USD,adjclose,0.459647351028146,0.45197480496951503,-0.07054614941659787,0.16777212876748332
2023-05-03,AGG,adjclose,1.0,0.5704020593541343,0.5760271353274529,9.29261209131646
2023-05-03,VTR,adjclose,0.899122953781907,0.8850877046218099,0.7596574955590663,0.27866201858113154
2023-05-03,VNO,adjclose,0.0750854075476317,0.3911264682677108,-0.8705881362968281,0.3309399459154011
2023-05-03,^STOXX,adjclose,0.85655199019192,0.8555319788428882,-0.0026483947033080213,0.013747070791402544
2023-05-03,ETH-USD,adjclose,0.3343312315087292,0.2539504957481156,0.1264190568690624,0.6471836877682736
2023-05-03,^RUT,adjclose,0.2436033952522862,0.39690545677997513,0.7646563608237518,0.9256430215024057
2023-05-03,SI=F,adjclose,0.6859551687520682,0.516404799230202,0.9821403137211249,0.21382113383672027
2023-05-03,TLT,adjclose,0.8802826535773214,0.5742610296251456,0.29413109128973924,14.39104544225181
2023-05-03,CL=F,adjclose,0.0027211498687691,0.33551035702960263,-0.993031206054597,0.5231661191897435
2023-05-03,GSG,adjclose,0.0,0.3189652961159137,-1.0,0.5131580980326856
2023-05-03,BNDW,adjclose,0.9678258522099696,0.6210502204661197,0.8456786271451109,1.5045798616768329
2023-05-04,LQD,adjclose,0.669201769398228,0.6507840165993386,0.2615109797037143,8.349858573291353
2023-05-04,^IXIC,adjclose,0.3159353127179187,0.5726344607732792,-0.5125329477333689,0.22722579430852266
2023-05-04,HG=F,adjclose,0.3575612774761296,0.38874552720682554,-0.08682716371927035,0.22646310732371672
2023-05-04,SHY,adjclose,1.0,0.6343601962686364,1.706627580932933,0.6250688796889251
2023-05-04,BTC-USD,adjclose,0.5549802257653527,0.5363086574162269,-0.16401786948942143,0.34339374659114885
2023-05-04,AVB,adjclose,0.7121088400217062,0.7969518592211688,0.07959061750159147,0.23469408526161045
2023-05-04,CC=F,adjclose,0.3202614379084973,0.503921568627452,-0.5000000000000001,0.4701456343930286
2023-05-04,VTR,adjclose,0.9385967260510508,0.9127193452102105,0.17260314059519777,0.14900732797261376
2023-05-04,DLR,adjclose,0.5096071722675042,0.5446951174429481,-0.4903928277324958,0.2160827114084417
2023-05-04,BNDW,adjclose,0.98927528406999,0.7696779312996369,3.0192103164052426,1.408454408243252
2023-05-04,IOO,adjclose,0.4269235622250846,0.6753855047287601,-0.5044635406555162,0.12981776937194422
2023-05-04,EEM,adjclose,0.390804396105505,0.3712648340060213,-0.0810827529679824,0.50189580074629
2023-05-04,^STOXX,adjclose,0.8441662066528511,0.8531796545200802,-0.01374137073899706,0.015157382817159722
2023-05-04,^RUT,adjclose,0.0,0.31976646382121526,-1.0,0.7159087592659672
2023-05-04,AGG,adjclose,0.9170350364501444,0.6765642967917558,1.3743614958069874,9.255948240494483
2023-05-04,CL=F,adjclose,0.0,0.25115657952032405,-1.0,0.5704557004817927
2023-05-04,TLT,adjclose,0.5950048504647327,0.6141318497267981,0.5038638256851422,14.379899702281012
2023-05-04,SB=F,adjclose,0.5016949547053002,0.5532202846282501,-0.49830504529469977,0.3057405327561047
2023-05-04,DGT,adjclose,0.0,0.4508247534300735,-1.0,0.5011500412575783
2023-05-04,MSCI,adjclose,0.0376866824524384,0.15887284602499246,-0.4514032451620098,1.5133918761028606
2023-05-04,ETH-USD,adjclose,0.251034530119381,0.23465441015275182,-0.27762956882595835,0.6746279357684762
2023-05-04,PLD,adjclose,0.6448386438479243,0.5287458751743295,0.8681660509182214,0.5408315285088485
2023-05-04,SI=F,adjclose,1.0,0.6346070059674265,1.445053735832453,0.2527090605160962
2023-05-04,EQIX,adjclose,0.6599585107457955,0.4311965905105716,0.30487771435734823,1.7037875783352452
2023-05-04,XRP-USD,adjclose,0.3595960588632647,0.39483815194014105,-0.29782395067143586,0.05885949987241954
2023-05-04,WPC,adjclose,0.311419278876869,0.5377172001964112,-0.5833333333333326,1.0534486435794137
2023-05-04,GDLC,adjclose,0.3881576862856928,0.29473669020422727,0.07272724120083462,0.5694204552185105
2023-05-04,LTC-USD,adjclose,0.4429487705713493,0.4303461007584857,-0.1962348642837508,0.15445531615861294
2023-05-04,KC=F,adjclose,0.0308478631808117,0.16812316865083293,-0.9047634041130868,0.4424649433070203
2023-05-04,VNO,adjclose,0.1194540426673187,0.3071673987933577,-0.778480894232146,0.5116882335059463
2023-05-04,SLV,adjclose,1.0,0.64482730271271,1.5217438176902824,0.3124275027722042
2023-05-04,GC=F,adjclose,1.0,0.4872993413549267,5.58652299963606,3.5469958321738773
2023-05-04,SPG,adjclose,0.2209943295878336,0.6367403929139346,-0.6321841298014776,0.514047596717713
2023-05-04,ALI=F,adjclose,0.3716814159292028,0.6035398230088486,-0.11578947368421155,0.34380161410558285
2023-05-04,VEU,adjclose,0.2589296357982391,0.39107223749237646,-0.5972216335353752,0.46803000112276893
2023-05-04,^GSPC,adjclose,0.0460831872304225,0.5796990459390543,-0.9340981175725078,0.48758296431546433
2023-05-04,DBB,adjclose,0.3463690067726812,0.4301678465938384,-0.22500005960456027,0.20095946432367975
2023-05-04,BXP,adjclose,0.2685589683321687,0.4873364489484178,-0.6371682113005086,0.42126312950479144
2023-05-05,BTC-USD,adjclose,0.7415404322473114,0.550739470943045,0.10779136153420454,0.37125459067663263
2023-05-05,DLR,adjclose,0.5547200261069314,0.49908103091784695,-0.29135566240142663,0.22020595205094964
2023-05-05,VTR,adjclose,0.9561401600835228,0.9039473772269151,-0.04385983991647724,0.09376075434783657
2023-05-05,VEU,adjclose,0.9642882687729256,0.43750123466881663,0.31707589389555224,1.3256823262163009
2023-05-05,BXP,adjclose,0.5458517647979928,0.4248909937290687,-0.3638677338758666,0.6668856193081707
2023-05-05,KC=F,adjclose,0.2673520701355247,0.17994830054719874,0.283948896281758,3.552487077558825
2023-05-05,GDLC,adjclose,0.5164472745148414,0.3282893372622203,0.4811325338059709,0.5658806474572701
2023-05-05,SLV,adjclose,0.7873558115495456,0.7103445176325632,0.7125002980235107,0.3731961482057372
2023-05-05,GC=F,adjclose,0.5532850279425183,0.5670075131158754,2.575482236425378,3.6053139059110504
2023-05-05,HG=F,adjclose,0.4079718436935931,0.38944898765757896,0.008696409344907119,0.23492423736339368
2023-05-05,XRP-USD,adjclose,0.4160075876655615,0.3866268744401181,-0.08982634758128283,0.10981260078043444
2023-05-05,SB=F,adjclose,0.7728812419624607,0.5077965330207423,-0.22711875803753934,0.41794823253433555
2023-05-05,CC=F,adjclose,0.5065359477124183,0.4614379084967329,-0.2954545454545464,0.5442262411705139
2023-05-05,ALI=F,adjclose,0.5,0.5767699115044241,-0.21116928446771188,0.2895253548163425
2023-05-05,WPC,adjclose,0.667820315841162,0.4712812633646436,-0.33217968415883803,1.1438739215367604
2023-05-05,VNO,adjclose,0.3344711241768454,0.2525598829291661,-0.4494381360281947,1.019835235530356
2023-05-05,EEM,adjclose,0.6896549456186918,0.4011496697220764,0.2765932406986551,0.591398999420805
2023-05-05,AGG,adjclose,0.6957863420089296,0.6681295958306549,-0.05714877982529176,9.372053072223427
2023-05-05,SHY,adjclose,0.7531102551303945,0.6889217468285296,0.567991529245669,0.6806350462455166
2023-05-05,LTC-USD,adjclose,0.4573042488295629,0.4328904857450679,0.028615453762099063,0.1263250248289446
2023-05-05,AVB,adjclose,0.8374260316804065,0.7864523631101583,-0.058991002971907625,0.18470245179728925
2023-05-05,ETH-USD,adjclose,0.6137896346628615,0.3076875011555565,1.468744735647956,0.853300505513228
2023-05-05,^STOXX,adjclose,0.858326047739279,0.8535502281109746,0.0021633694997167385,0.017564645309364364
2023-05-05,SI=F,adjclose,0.8359552223292575,0.7182024210459762,0.999997436364154,0.29803507877880975
2023-05-05,BNDW,adjclose,0.7212146497492569,0.7619587536096646,-0.050796726959514094,1.2630021657606607
2023-05-05,SPG,adjclose,0.4558016609744761,0.5325968085095173,-0.5332385863929157,0.6667927641301093
2023-05-05,ZS=F,adjclose,0.4567567567567554,0.27243243243243137,1.4142857142857261,0.5958334914922375
2023-05-05,^IXIC,adjclose,0.8241245337180416,0.5759706597497647,0.020659023300233503,0.8168472810921082
2023-05-05,ZC=F,adjclose,0.5198019801980198,0.3465346534653463,1.9166666666666656,0.3016702874051403
2023-05-05,DBB,adjclose,0.5027928258154706,0.43463700723300247,0.046510441617432674,0.2980666364902883
2023-05-05,PLD,adjclose,0.907879951801883,0.5731409811856303,0.3236245794882857,0.37722591343544903
2023-05-05,^GSPC,adjclose,0.7071990190489501,0.5211388497488443,-0.2928009809510499,6.617901851280509
2023-05-05,MSCI,adjclose,0.174626635095124,0.1389543011609335,-0.36318633568616976,1.7971847289477052
2023-05-05,IOO,adjclose,0.9653860035740784,0.6784625000366795,0.016194694639038998,0.6455016726947982
2023-05-05,EQIX,adjclose,0.8329819757523644,0.48287646941108664,0.449716721207462,1.6973345488800424
2023-05-05,TLT,adjclose,0.4999129403765927,0.5433834686212237,-0.4143851665869426,14.512386647317328
2023-05-05,LQD,adjclose,0.4389961973459009,0.5417846742011747,-0.5538624382549515,8.467669219656901
2023-05-06,LTC-USD,adjclose,0.2401371115697195,0.406940215257401,-0.3507850745934845,0.24986687802154564
2023-05-06,XRP-USD,adjclose,0.3412602803634867,0.37681215452012007,-0.12572211155378532,0.12045899783391613
2023-05-06,BTC-USD,adjclose,0.570442493936131,0.5949187141786011,0.6319512757921311,0.2840581102941856
2023-05-06,ETH-USD,adjclose,0.3206377391908717,0.34989074562010813,1.9249525855095948,0.8299691469409178
2023-05-07,BTC-USD,adjclose,0.4482800156856665,0.5826624562289765,-0.12026284000499976,0.2487223295036516
2023-05-07,XRP-USD,adjclose,0.2580513652344307,0.3503828120908034,-0.3386657182770966,0.1545898596481499
2023-05-07,ETH-USD,adjclose,0.2367301490395004,0.35130465690426876,0.030782627268321594,0.7886772604872762
2023-05-07,LTC-USD,adjclose,0.2376835997482533,0.36754421634940615,-0.4531780372877412,0.2202546092402866
2023-05-08,ETH-USD,adjclose,0.1624409439608607,0.31692659939469503,-0.5141317093595563,0.7970586018683578
2023-05-08,LTC-USD,adjclose,0.0,0.27561474614377696,-1.0,0.44287496629700984
2023-05-08,^GSPC,adjclose,0.7236772757096261,0.4687113185832118,-0.26590960173351186,6.614334256029108
2023-05-08,^N225,adjclose,214.32766931943263,213.6230151960367,0.00664300995270839,0.012279279217470915
2023-05-08,VNO,adjclose,0.1911264031704949,0.1918090125793858,-0.6137930172660997,1.0482427429868955
2023-05-08,IOO,adjclose,0.97692400238272,0.7107700704545649,0.19811208717651452,0.6342226615838423
2023-05-08,GC=F,adjclose,0.683212391651459,0.6922630588503644,10.999937400231751,3.4944837041089434
2023-05-08,SPG,adjclose,0.2417127785019612,0.38093936420990954,-0.7582872214980387,0.7091355438733599
2023-05-08,BNDW,adjclose,0.4424292994985279,0.8005595503963405,0.7737946867825816,1.2111179764779494
2023-05-08,KC=F,adjclose,0.056554808088336,0.1557837095730288,-0.681161791958391,3.6311338820251993
2023-05-08,SI=F,adjclose,0.7758426888033316,0.7886517086301058,0.8315617458526663,0.31198780120700154
2023-05-08,BTC-USD,adjclose,0.2416064967103084,0.511369932868954,-0.5960224474857478,0.29472926884691614
2023-05-08,AVB,adjclose,0.8890772371379114,0.7642678105377406,-0.11092276286208858,0.17648192474265623
2023-05-08,LQD,adjclose,0.0214149467587532,0.5385726364115329,-0.42855585831075715,8.466280054214076
2023-05-08,PLD,adjclose,0.9211987884422754,0.6834628467203355,1.492492038398971,0.22154191085711658
2023-05-08,MSCI,adjclose,0.1659123626423113,0.11598011491561482,-0.40910885275185094,1.8018536936304923
2023-05-08,ZC=F,adjclose,0.5841584158415838,0.4138613861386137,1.3600000000000052,0.298505330296861
2023-05-08,VTR,adjclose,0.8662278647053316,0.8938596726051056,-0.055023860130083646,0.09607920577953087
2023-05-08,^STOXX,adjclose,0.8606761772671513,0.8529207325010594,-0.0036436580894767534,0.017084923047929683
2023-05-08,TLT,adjclose,0.1005248451582403,0.5591416750271534,3.6252742012398045,14.49094288420812
2023-05-08,ZS=F,adjclose,0.4540540540540529,0.3027027027027017,0.5000000000000027,0.5907226972382827
2023-05-08,BXP,adjclose,0.3253271853935349,0.3423580669637918,-0.5591723689601114,0.6975258145022203
2023-05-08,EEM,adjclose,0.7011494504868132,0.4482760435050466,0.5061717929517675,0.5749621914659447
2023-05-08,SHY,adjclose,0.5926389843757391,0.7555815070492855,1.2851799397174917,0.6239901517665861
2023-05-08,DBB,adjclose,0.5363131289452259,0.42569847284320483,-0.07692293584711685,0.2847751153162221
2023-05-08,VEU,adjclose,1.0,0.5125009792200956,0.5999967302630529,1.3057204715205324
2023-05-08,SLV,adjclose,0.7413788378545174,0.7793100877928574,0.8695675009260355,0.3588231451993849
2023-05-08,ALI=F,adjclose,0.4325221238938042,0.5090707964601762,-0.4390243902439035,0.26139164207232946
2023-05-08,EQIX,adjclose,0.834929632719053,0.5416655934409732,0.5433536173337559,1.6920058837956167
2023-05-08,^N300,adjclose,3.2183337731514534,3.203039274376054,0.010361301988482952,0.011316886409229177
2023-05-08,^IXIC,adjclose,0.8647588616632298,0.5927158548779261,0.10719904006500802,0.8128254286538489
2023-05-08,AGG,adjclose,0.3155126757888808,0.7248240792513769,8.847382285147557,9.31976542771675
2023-05-08,SB=F,adjclose,0.6949152651959167,0.5450846313546244,0.36666615804036784,0.3233150118007261
2023-05-08,XRP-USD,adjclose,0.0637405484912414,0.287731168123597,-0.8309263747092456,0.33848756917297707
2023-05-08,DLR,adjclose,0.6340854798040958,0.5064327835750687,0.06153878986091188,0.20250088559675755
2023-05-08,GDLC,adjclose,0.2302630980424265,0.33881564314510476,0.29629603465723653,0.5857990722264995
2023-05-08,CC=F,adjclose,0.7352941176470598,0.4666666666666675,0.03686635944700445,0.5655654083179139
2023-05-08,HG=F,adjclose,0.5169987103597755,0.389917886756508,0.004555477108566297,0.23355903657580876
2023-05-08,WPC,adjclose,0.6539791656766951,0.428374489833633,-0.24701283621740078,1.133751832417295
2023-05-09,VNO,adjclose,0.1740614934342943,0.178839694199317,-0.2714290385338506,0.9961254404049045
2023-05-09,^IXIC,adjclose,0.7185981470480804,0.6301353739664307,0.35201768817988777,0.7924077502852154
2023-05-09,SPG,adjclose,0.0331488859921531,0.2273480153557415,-0.9586210797429164,0.8031519040633247
2023-05-09,DBB,adjclose,0.4916204569962357,0.4458102284981177,0.25714301284461705,0.226512331833832
2023-05-09,SI=F,adjclose,0.8106742903433535,0.8216854740456021,0.25587518073329085,0.23765509774310092
2023-05-09,VEU,adjclose,0.8035735573107701,0.6446442621108218,4.62501490117555,1.1810909334791269
2023-05-09,CC=F,adjclose,0.8986928104575167,0.5313725490196084,0.5624999999999964,0.5302612503576737
2023-05-09,WPC,adjclose,0.3356406316823204,0.41522552917386124,-0.16379469101050392,1.1239257200234507
2023-05-09,EQIX,adjclose,0.6424286073757361,0.6231135168978564,1.7315420127714813,1.6416369764380492
2023-05-09,KC=F,adjclose,0.1131104006903722,0.12853441073214777,-0.5463915255357105,3.606963115273944
2023-05-09,^GSPC,adjclose,0.5567004764926722,0.46798851254692125,-0.006450002879462402,6.592443638747613
2023-05-09,ZC=F,adjclose,0.3019801980198018,0.43069306930693046,0.38636363636363447,0.4199644239519548
2023-05-09,PLD,adjclose,0.7602660210896399,0.7598223138991284,1.008795049177099,0.2758055044061263
2023-05-09,GDLC,adjclose,0.2203947647043875,0.31842094118244935,-0.31632613341325966,0.47286829615666487
2023-05-09,XRP-USD,adjclose,0.0725552970296763,0.23032301575687933,-0.798231111711752,0.36983745626378717
2023-05-09,SLV,adjclose,0.7356315791204491,0.7942525220304276,0.11304278599043749,0.23292166396343003
2023-05-09,ETH-USD,adjclose,0.161082197554407,0.2989361328817003,-0.35832653190059793,0.7832400794285407
2023-05-09,^N225,adjclose,216.15236773583916,214.3164873947948,0.016302799369378285,0.012545041115414745
2023-05-09,GLD,adjclose,0.780525826733772,0.7378672603521551,0.4225348480354867,0.36132508072394603
2023-05-09,MSCI,adjclose,0.1657990958050401,0.12589411525091232,0.42648531375166443,1.736785927431908
2023-05-09,ZS=F,adjclose,0.2702702702702702,0.3291891891891882,0.9607843137254941,0.5473907527278917
2023-05-09,ALI=F,adjclose,0.5188053097345122,0.4657079646017692,-0.2947368421052632,0.2913347602539768
2023-05-09,SB=F,adjclose,0.7288137127428396,0.6162711772354289,0.9545478190305181,0.2574610597933584
2023-05-09,^N300,adjclose,3.255055979799315,3.215300705258452,0.019195984958070067,0.012073052319901642
2023-05-09,GC=F,adjclose,0.8277365134580279,0.7562043795620432,0.6293066556289093,0.3516351855026375
2023-05-09,VTR,adjclose,0.7390352491600982,0.8798245907563821,-0.08672081677971055,0.10502812475475476
2023-05-09,AGG,adjclose,0.2532889531264857,0.6363246014748881,-0.6359673396359439,0.3585671604229303
2023-05-09,IOO,adjclose,0.8384621479105725,0.7492316314882899,0.2976189935558877,0.625876411058495
2023-05-09,DLR,adjclose,0.5705932443216142,0.5375104848393681,0.3742455037241248,0.12270986029433924
2023-05-09,BNDW,adjclose,0.3888220809711953,0.701913433299788,-0.559184960537171,0.20033901728528283
2023-05-09,TLT,adjclose,0.0,0.4151450579153774,-1.0,0.49232785116170796
2023-05-09,TIP,adjclose,0.3316547262299281,0.6359959514973553,-0.38554095045501124,0.3822799333727769
2023-05-09,BTC-USD,adjclose,0.2319621463892982,0.44676631699374314,-0.5820352949163048,0.2966083098281632
2023-05-09,EEM,adjclose,0.56321758442202,0.5114942856328561,1.2790670853959143,0.5039796183064449
2023-05-09,BXP,adjclose,0.3406118010792767,0.33275118917824925,-0.12359413307730815,0.6424811095084594
2023-05-09,SHY,adjclose,0.5679453009483808,0.7506427703638139,-0.04166732880957813,0.2810338046457737
2023-05-09,AVB,adjclose,0.8010168221401077,0.78238817540505,0.12753365936342398,0.10817488860433962
2023-05-09,^STOXX,adjclose,0.8520516574940803,0.8543544158690564,0.008484505899815753,0.013905673160920621
2023-05-09,HG=F,adjclose,0.4490033099088766,0.4091440914409151,0.2724244070825337,0.17396178409427743
2023-05-09,LQD,adjclose,0.0,0.39188413137332245,-1.0,0.4915358533142568
2023-05-10,KC=F,adjclose,0.084832604389355,0.11053954929687992,-0.514706806329714,3.601424870870676
2023-05-10,GC=F,adjclose,0.7445255474452566,0.7617518960994524,0.03869705415101654,0.3347953360083711
2023-05-10,^IXIC,adjclose,0.9583085818018128,0.7363450873898166,1.2429166054974603,0.7598755730193512
2023-05-10,CC=F,adjclose,1.0,0.6921568627450985,4.099999999999972,0.22595842969246294
2023-05-10,DLR,adjclose,0.7593987502326414,0.6056809345465574,0.8143712757225468,0.1602329129459778
2023-05-10,AGG,adjclose,0.6957863420089296,0.575481869876674,-0.30421365799107036,0.9168568377802946
2023-05-10,WPC,adjclose,0.4463671930686033,0.48304531702912995,3.161223635960906,0.95271327564775
2023-05-10,AVB,adjclose,0.8712951239050106,0.8221848109770284,0.29596852923767414,0.09934581132503435
2023-05-10,EEM,adjclose,0.5517252719065375,0.5793103297079135,1.5945831700929824,0.48294916961800644
2023-05-10,TIP,adjclose,0.565763361051026,0.5761684097719779,-0.345863497126076,0.42614061256240987
2023-05-10,VNO,adjclose,0.1092152270200319,0.18566565809379704,0.4545466367849089,0.931303332177726
2023-05-10,GLD,adjclose,0.738794107797311,0.7267389591951285,-0.07003903756809393,0.3195575116098937
2023-05-10,^N225,adjclose,217.18867949864384,214.62117740297657,0.007063957619591443,0.011180870933863872
2023-05-10,GDLC,adjclose,0.1953946941199387,0.3101315035334574,-0.1749994039529832,0.45436169350896766
2023-05-10,SB=F,adjclose,0.8881355756865315,0.7172881500586097,1.3185848475385908,0.24581165217806578
2023-05-10,SLV,adjclose,0.6379303729963244,0.7804593203041673,-0.09756169422243699,0.24405258270029517
2023-05-10,HG=F,adjclose,0.3059790225231449,0.4075028327923039,-0.026119276844760786,0.23836212949422425
2023-05-10,XRP-USD,adjclose,0.0814785796399801,0.16341721415176302,-0.8041416020866362,0.36244249321368
2023-05-10,SI=F,adjclose,0.6775285486046894,0.8200001500161264,-0.012284505651745548,0.25911883042063866
2023-05-10,^N300,adjclose,3.2669085701709446,3.222354281320583,0.01091330494176379,0.011243122612620044
2023-05-10,DBA,adjclose,0.6447379648545173,0.5078949349743282,7.166735543758106,1.0333047901232322
2023-05-10,ALI=F,adjclose,0.3019911504424772,0.42499999999999927,-0.4026258205689285,0.31900412242782317
2023-05-10,VEU,adjclose,0.7321432828907248,0.7517869489545319,2.727250658898652,1.2256297547516652
2023-05-10,BTC-USD,adjclose,0.2219044288660843,0.3428391163174977,-0.7007520841532793,0.17278914217183833
2023-05-10,BXP,adjclose,0.2576420996169482,0.34759836384398424,0.40476201288822633,0.5800402114364486
2023-05-10,DBB,adjclose,0.3184354208312197,0.4391061678721666,-0.09524011359301543,0.29103152294776297
2023-05-10,SPG,adjclose,0.0386738759548599,0.1980663062022568,-0.7910451160354375,0.7344792606192825
2023-05-10,EQIX,adjclose,1.0,0.7940597453185898,5.883787857089234,1.5465592619987822
2023-05-10,SHY,adjclose,0.8148350458179863,0.7457059172545002,-0.029402856149248868,0.2874533799016014
2023-05-10,^GSPC,adjclose,0.7194479999139531,0.5506215916791248,1.348967881048238,6.515005830611848
2023-05-10,ETH-USD,adjclose,0.1419125912135399,0.20456072419183596,-0.7687927863241145,0.180690250295515
2023-05-10,^STOXX,adjclose,0.8491967974961846,0.8528833773299093,-0.008586977533129536,0.012203950370334516
2023-05-10,BNDW,adjclose,0.7426559010479252,0.656879443067379,-0.23265544172836772,0.5151287678661479
2023-05-10,ZC=F,adjclose,0.3663366336633658,0.43168316831683134,0.013698630136985246,0.31787496392191306
2023-05-10,MSCI,adjclose,0.2020146949000141,0.14920789417898556,1.364243699352612,1.6928640921664697
2023-05-10,PLD,adjclose,1.0,0.8468366810363446,0.7701365645567646,0.2330564747548821
2023-05-10,ZS=F,adjclose,0.1054054054054045,0.30432432432432355,-0.5411764705882358,0.5967169710421677
2023-05-10,IOO,adjclose,0.9884620011913584,0.8392315434567628,0.8357120669642144,0.6005205061656039
2023-05-10,VTR,adjclose,0.7785090214292403,0.8557018042858487,-0.1341462053052236,0.09002062516771336
2023-05-11,XRP-USD,adjclose,0.0,0.0951651580790657,-1.0,0.5143631264261005
2023-05-11,KC=F,adjclose,0.0,0.1043699766607176,-1.0,3.6289442240011573
2023-05-11,EEM,adjclose,0.4712637378297017,0.5954021980527529,0.2058813629682794,0.39064828505905475
2023-05-11,IOO,adjclose,1.0,0.9538468310117458,1.3423396797030738,0.5686802753080678
2023-05-11,GDLC,adjclose,0.0,0.23249996627631883,-1.0,0.5123901831740617
2023-05-11,^GSPC,adjclose,0.657592152391608,0.6729233847113619,13.269676033985096,6.4187641628129235
2023-05-11,^N225,adjclose,216.5587626968909,215.57840879324044,0.022600453606684168,0.00481065460820443
2023-05-11,DLR,adjclose,0.6675018420173728,0.6372598684965312,0.3098360430197913,0.18652341572424
2023-05-11,^STOXX,adjclose,0.8399989944615643,0.8520499348916519,-0.004936483074594933,0.011329269695662468
2023-05-11,MSCI,adjclose,0.1533220782351714,0.1723349733355322,3.0683357689727124,1.6413634913175628
2023-05-11,VEU,adjclose,0.5625014901175405,0.8125013198183921,1.1724106179790406,1.276245029637693
2023-05-11,^N300,adjclose,3.2526134042682813,3.2377012255147095,0.02416172927958149,0.005843345428935733
2023-05-11,EQIX,adjclose,0.8888171203604447,0.8398314672415197,0.3467772684013488,0.31547503949291
2023-05-11,GLD,adjclose,0.4884085109594416,0.6244206613870169,-0.5115914890405584,0.3260092040720133
2023-05-11,ALI=F,adjclose,0.0,0.35066371681415875,-1.0,0.5358586804677837
2023-05-11,CC=F,adjclose,0.9411764705882356,0.8163398692810461,1.9387755102040773,0.25734721812772243
2023-05-11,GC=F,adjclose,0.5138679003193438,0.6645254761633211,-0.4861320996806562,0.30487676252938595
2023-05-11,ZC=F,adjclose,0.1089108910891081,0.37623762376237585,-0.7179487179487196,0.4629151851640811
2023-05-11,SB=F,adjclose,0.6711865458808042,0.7511864682937105,0.33783794233104203,0.3038772586556641
2023-05-11,^IXIC,adjclose,1.0,0.873158024846233,2.1652049003235203,0.7133021919682097
2023-05-11,ZS=F,adjclose,0.1783783783783779,0.2929729729729722,-0.2413793103448283,0.6760509812949903
2023-05-11,HG=F,adjclose,0.0,0.33599057729707804,-1.0,0.49824074545810726
2023-05-11,SI=F,adjclose,0.0,0.6200001500161264,-1.0,0.41644477967196564
2023-05-11,WPC,adjclose,0.1487890643562011,0.45051927412499637,-0.5222226931717021,0.7215221613475543
2023-05-11,TIP,adjclose,0.721834130464984,0.5514566671297331,-0.14615538105802595,0.44626704292554004
2023-05-11,AVB,adjclose,0.8890772371379114,0.8575784904002696,0.24851313053607238,0.10064792110607802
2023-05-11,AGG,adjclose,0.9032040258685328,0.5727156677603518,-0.01508231423212758,0.9099374002445624
2023-05-11,VTR,adjclose,0.7039475445382877,0.8087719679832961,-0.25000000000000044,0.08482617258174206
2023-05-11,VNO,adjclose,0.0,0.16177484956033328,-1.0,1.068737199187113
2023-05-11,ETH-USD,adjclose,0.0,0.14043317635366162,-1.0,0.38769748879922167
2023-05-11,SPG,adjclose,0.0,0.15386744028469007,-1.0,0.8482842696255388
2023-05-11,BTC-USD,adjclose,0.0531959546261839,0.23938980845550825,-0.9067461572521981,0.30764948823405047
2023-05-11,BNDW,adjclose,1.0,0.6590243862533811,0.010840982386507436,0.5338675747846363
2023-05-11,SHY,adjclose,0.8765504186248023,0.7210160009794606,-0.12344958137519768,0.2751290795302058
2023-05-11,SLV,adjclose,0.0,0.5804593203041672,-1.0,0.4085957794865266
2023-05-11,GSG,adjclose,0.1982754935265234,0.3043101151972944,3.181859166652246,1.8971304545112706
2023-05-11,USO,adjclose,0.2425741654955571,0.3011550791030428,6.538469814938013,2.6613726521748275
2023-05-11,BXP,adjclose,0.0,0.2938865701775505,-1.0,0.7460421026331776
2023-05-11,DBA,adjclose,0.3157898699486523,0.5289475929709049,0.49999999999999156,1.012710576102337
2023-05-11,PLD,adjclose,0.7402881895137767,0.865926590169515,0.14802082129613003,0.2939352014163351
2023-05-11,DBB,adjclose,0.0,0.36983236651763035,-1.0,0.54109599782391
2023-05-12,BTC-USD,adjclose,0.0,0.14973380531837494,-1.0,0.42773264513881026
2023-05-12,^N300,adjclose,3.277223417291199,3.254027028936238,0.02554423587140997,0.0059556615797255255
2023-05-12,^STOXX,adjclose,0.845351479474496,0.8494550212386953,-0.01511613016866542,0.007607522152145988
2023-05-12,^N225,adjclose,218.50362489549843,216.546220829261,0.022647930350773837,0.0048215082080512225
