Date,Asset name,Series,Value
1970-12-31,BRA,NY.GDP.MKTP.CD,0.0018154629444996533
1970-12-31,BRA,NY.GDP.MKTP.KD.ZG,9.191844051336942e-13
1970-12-31,CAN,NY.GDP.MKTP.CD,0.003769924581856798
1970-12-31,CHN,NY.GDP.MKTP.CD,0.003971805853586965
1970-12-31,CHN,NY.GDP.MKTP.KD.ZG,1.3009115869809394e-12
1970-12-31,DEU,NY.GDP.MKTP.CD,0.009257460963651362
1970-12-31,FRA,NY.GDP.MKTP.CD,0.0063673963988562605
1970-12-31,FRA,NY.GDP.MKTP.KD.ZG,7.351267015326714e-13
1970-12-31,GBR,NY.GDP.MKTP.CD,0.005604610540332143
1970-12-31,GBR,NY.GDP.MKTP.KD.ZG,7.665327194724813e-13
1970-12-31,IND,NY.GDP.MKTP.CD,0.0026773436576823057
1970-12-31,IND,NY.GDP.MKTP.KD.ZG,6.943183469051581e-13
1970-12-31,ITA,NY.GDP.MKTP.CD,0.004863603868075471
1970-12-31,ITA,NY.GDP.MKTP.KD.ZG,6.990990827783833e-13
1970-12-31,JPN,NY.GDP.MKTP.CD,0.009118955749830541
1970-12-31,JPN,NY.GDP.MKTP.KD.ZG,5.784160515538123e-13
1970-12-31,USA,NY.GDP.MKTP.CD,0.04603471119254511
1970-12-31,USA,NY.GDP.MKTP.KD.ZG,4.60962044043565e-13
1971-12-31,BRA,NY.GDP.MKTP.CD,0.002096060993099804
1971-12-31,BRA,NY.GDP.MKTP.KD.ZG,9.596269843803666e-13
1971-12-31,CAN,NY.GDP.MKTP.CD,0.004257843395827953
1971-12-31,CHN,NY.GDP.MKTP.CD,0.004280532439177952
1971-12-31,CHN,NY.GDP.MKTP.KD.ZG,7.759294850890567e-13
1971-12-31,DEU,NY.GDP.MKTP.CD,0.010722032671167215
1971-12-31,DEU,NY.GDP.MKTP.KD.ZG,6.074848489952495e-13
1971-12-31,FRA,NY.GDP.MKTP.CD,0.007118423414847267
1971-12-31,FRA,NY.GDP.MKTP.KD.ZG,7.01158819074295e-13
1971-12-31,GBR,NY.GDP.MKTP.CD,0.006352707894572284
1971-12-31,GBR,NY.GDP.MKTP.KD.ZG,6.234409466905467e-13
1971-12-31,IND,NY.GDP.MKTP.CD,0.002888730659071426
1971-12-31,IND,NY.GDP.MKTP.KD.ZG,5.435876062213238e-13
1971-12-31,ITA,NY.GDP.MKTP.CD,0.0053472843674245004
1971-12-31,ITA,NY.GDP.MKTP.KD.ZG,5.511010933800453e-13
1971-12-31,JPN,NY.GDP.MKTP.CD,0.010300277833187904
1971-12-31,JPN,NY.GDP.MKTP.KD.ZG,6.746642138787598e-13
1971-12-31,USA,NY.GDP.MKTP.CD,0.049961225611586724
1971-12-31,USA,NY.GDP.MKTP.KD.ZG,6.143753206233387e-13
1972-12-31,BRA,NY.GDP.MKTP.CD,0.002506311665340126
1972-12-31,BRA,NY.GDP.MKTP.KD.ZG,9.852510057738282e-13
1972-12-31,CAN,NY.GDP.MKTP.CD,0.004850200719096094
1972-12-31,CHN,NY.GDP.MKTP.CD,0.004876139544852083
1972-12-31,CHN,NY.GDP.MKTP.KD.ZG,6.365347276932088e-13
1972-12-31,DEU,NY.GDP.MKTP.CD,0.012858696382662854
1972-12-31,DEU,NY.GDP.MKTP.KD.ZG,6.575658081017141e-13
1972-12-31,FRA,NY.GDP.MKTP.CD,0.00872800536681515
1972-12-31,FRA,NY.GDP.MKTP.KD.ZG,6.66617146520721e-13
1972-12-31,GBR,NY.GDP.MKTP.CD,0.007289918408756527
1972-12-31,GBR,NY.GDP.MKTP.KD.ZG,6.58480504901409e-13
1972-12-31,IND,NY.GDP.MKTP.CD,0.0030651060226062647
1972-12-31,IND,NY.GDP.MKTP.KD.ZG,4.4938970392510594e-13
1972-12-31,ITA,NY.GDP.MKTP.CD,0.006230304007647792
1972-12-31,ITA,NY.GDP.MKTP.KD.ZG,6.314086816939535e-13
1972-12-31,JPN,NY.GDP.MKTP.CD,0.013640583256180366
1972-12-31,JPN,NY.GDP.MKTP.KD.ZG,8.339840671073666e-13
1972-12-31,USA,NY.GDP.MKTP.CD,0.05486191637720104
1972-12-31,USA,NY.GDP.MKTP.KD.ZG,6.986793706468548e-13
1973-12-31,BRA,NY.GDP.MKTP.CD,0.003585330775884289
1973-12-31,BRA,NY.GDP.MKTP.KD.ZG,1.0722493611175526e-12
1973-12-31,CAN,NY.GDP.MKTP.CD,0.0056324857418844675
1973-12-31,CHN,NY.GDP.MKTP.CD,0.00594226060525018
1973-12-31,CHN,NY.GDP.MKTP.KD.ZG,8.059529714108707e-13
1973-12-31,DEU,NY.GDP.MKTP.CD,0.017086538514827217
1973-12-31,DEU,NY.GDP.MKTP.KD.ZG,6.780309125109996e-13
1973-12-31,FRA,NY.GDP.MKTP.CD,0.011341581067353418
1973-12-31,FRA,NY.GDP.MKTP.KD.ZG,7.452446533552774e-13
1973-12-31,GBR,NY.GDP.MKTP.CD,0.008258087339566017
1973-12-31,GBR,NY.GDP.MKTP.KD.ZG,7.529335760502412e-13
1973-12-31,IND,NY.GDP.MKTP.CD,0.003667809312359948
1973-12-31,IND,NY.GDP.MKTP.KD.ZG,6.144683717922199e-13
1973-12-31,ITA,NY.GDP.MKTP.CD,0.007526976171270189
1973-12-31,ITA,NY.GDP.MKTP.KD.ZG,7.787543651341441e-13
1973-12-31,JPN,NY.GDP.MKTP.CD,0.018532325863065576
1973-12-31,JPN,NY.GDP.MKTP.KD.ZG,8.176449736504477e-13
1973-12-31,USA,NY.GDP.MKTP.CD,0.06113536671435616
1973-12-31,USA,NY.GDP.MKTP.KD.ZG,7.152701432215428e-13
1974-12-31,BRA,NY.GDP.MKTP.CD,0.004709163215454783
1974-12-31,BRA,NY.GDP.MKTP.KD.ZG,8.228492751886434e-13
1974-12-31,CAN,NY.GDP.MKTP.CD,0.006880040450199841
1974-12-31,CHN,NY.GDP.MKTP.CD,0.006184071851162612
1974-12-31,CHN,NY.GDP.MKTP.KD.ZG,5.721986859026952e-13
1974-12-31,DEU,NY.GDP.MKTP.CD,0.019099375749803294
1974-12-31,DEU,NY.GDP.MKTP.KD.ZG,5.112968477677638e-13
1974-12-31,FRA,NY.GDP.MKTP.CD,0.012247539631475832
1974-12-31,FRA,NY.GDP.MKTP.KD.ZG,6.575905907259487e-13
1974-12-31,GBR,NY.GDP.MKTP.CD,0.008841117631115933
1974-12-31,GBR,NY.GDP.MKTP.KD.ZG,3.6656336515070505e-13
1974-12-31,IND,NY.GDP.MKTP.CD,0.0042687349447887895
1974-12-31,IND,NY.GDP.MKTP.KD.ZG,5.23961076541171e-13
1974-12-31,ITA,NY.GDP.MKTP.CD,0.008559459570759228
1974-12-31,ITA,NY.GDP.MKTP.KD.ZG,7.090260535008997e-13
1974-12-31,JPN,NY.GDP.MKTP.CD,0.020571492231816244
1974-12-31,JPN,NY.GDP.MKTP.KD.ZG,4.205697939655302e-13
1974-12-31,USA,NY.GDP.MKTP.CD,0.06627654560462302
1974-12-31,USA,NY.GDP.MKTP.KD.ZG,4.4993654543090923e-13
1975-12-31,BRA,NY.GDP.MKTP.CD,0.0055416302301550665
1975-12-31,BRA,NY.GDP.MKTP.KD.ZG,6.947223492352987e-13
1975-12-31,CAN,NY.GDP.MKTP.CD,0.007455862279906769
1975-12-31,CHN,NY.GDP.MKTP.CD,0.007009692776747348
1975-12-31,CHN,NY.GDP.MKTP.KD.ZG,8.47128038089446e-13
1975-12-31,DEU,NY.GDP.MKTP.CD,0.0210437410224425
1975-12-31,DEU,NY.GDP.MKTP.KD.ZG,4.3594614802246114e-13
1975-12-31,FRA,NY.GDP.MKTP.CD,0.015476343094776386
1975-12-31,FRA,NY.GDP.MKTP.KD.ZG,4.319510577307667e-13
1975-12-31,GBR,NY.GDP.MKTP.CD,0.010369110094083178
1975-12-31,GBR,NY.GDP.MKTP.KD.ZG,4.099153305628808e-13
1975-12-31,IND,NY.GDP.MKTP.CD,0.004223566640246182
1975-12-31,IND,NY.GDP.MKTP.KD.ZG,8.655672631694711e-13
1975-12-31,ITA,NY.GDP.MKTP.CD,0.009766033214077435
1975-12-31,ITA,NY.GDP.MKTP.KD.ZG,3.8347264195921556e-13
1975-12-31,JPN,NY.GDP.MKTP.CD,0.022369294600628867
1975-12-31,JPN,NY.GDP.MKTP.KD.ZG,6.057210197094612e-13
1975-12-31,USA,NY.GDP.MKTP.CD,0.0722667029039094
1975-12-31,USA,NY.GDP.MKTP.KD.ZG,4.643090278981119e-13
1976-12-31,BRA,NY.GDP.MKTP.CD,0.0065695226239941154
1976-12-31,BRA,NY.GDP.MKTP.KD.ZG,9.130565916420974e-13
1976-12-31,CAN,NY.GDP.MKTP.CD,0.00886016946791348
1976-12-31,CHN,NY.GDP.MKTP.CD,0.006602613057943645
1976-12-31,CHN,NY.GDP.MKTP.KD.ZG,4.057827906347119e-13
1976-12-31,DEU,NY.GDP.MKTP.CD,0.022292629520821863
1976-12-31,DEU,NY.GDP.MKTP.KD.ZG,6.853983107937804e-13
1976-12-31,FRA,NY.GDP.MKTP.CD,0.015969022177160418
1976-12-31,FRA,NY.GDP.MKTP.KD.ZG,6.5998559680546e-13
1976-12-31,GBR,NY.GDP.MKTP.CD,0.009976999850734627
1976-12-31,GBR,NY.GDP.MKTP.KD.ZG,5.979445217838759e-13
1976-12-31,IND,NY.GDP.MKTP.CD,0.004405610532335183
1976-12-31,IND,NY.GDP.MKTP.KD.ZG,5.444528514776116e-13
1976-12-31,ITA,NY.GDP.MKTP.CD,0.00963828016246711
1976-12-31,ITA,NY.GDP.MKTP.KD.ZG,7.787338990996065e-13
1976-12-31,JPN,NY.GDP.MKTP.CD,0.025140889284168296
1976-12-31,JPN,NY.GDP.MKTP.KD.ZG,6.436110099549623e-13
1976-12-31,USA,NY.GDP.MKTP.CD,0.08035194196258631
1976-12-31,USA,NY.GDP.MKTP.KD.ZG,7.042222178988289e-13
1977-12-31,BRA,NY.GDP.MKTP.CD,0.0075635209991694935
1977-12-31,BRA,NY.GDP.MKTP.KD.ZG,6.847579395616704e-13
1977-12-31,CAN,NY.GDP.MKTP.CD,0.009076192402382577
1977-12-31,CHN,NY.GDP.MKTP.CD,0.007503216572094791
1977-12-31,CHN,NY.GDP.MKTP.KD.ZG,7.978037394591609e-13
1977-12-31,DEU,NY.GDP.MKTP.CD,0.025755786538435264
1977-12-31,DEU,NY.GDP.MKTP.KD.ZG,6.166856914007512e-13
1977-12-31,FRA,NY.GDP.MKTP.CD,0.01759717215854011
1977-12-31,FRA,NY.GDP.MKTP.KD.ZG,6.21707929431187e-13
1977-12-31,GBR,NY.GDP.MKTP.CD,0.011283103083692642
1977-12-31,GBR,NY.GDP.MKTP.KD.ZG,5.785358070588492e-13
1977-12-31,IND,NY.GDP.MKTP.CD,0.005210675647216609
1977-12-31,IND,NY.GDP.MKTP.KD.ZG,7.842830735984777e-13
1977-12-31,ITA,NY.GDP.MKTP.CD,0.011048484808450689
1977-12-31,ITA,NY.GDP.MKTP.KD.ZG,5.829428410072132e-13
1977-12-31,JPN,NY.GDP.MKTP.CD,0.030941852621567928
1977-12-31,JPN,NY.GDP.MKTP.KD.ZG,6.61425825479379e-13
1977-12-31,USA,NY.GDP.MKTP.CD,0.08929096318807855
1977-12-31,USA,NY.GDP.MKTP.KD.ZG,6.714543181494442e-13
1978-12-31,BRA,NY.GDP.MKTP.CD,0.008590090247344919
1978-12-31,BRA,NY.GDP.MKTP.KD.ZG,6.862835452470642e-13
1978-12-31,CAN,NY.GDP.MKTP.CD,0.009377315552728435
1978-12-31,CHN,NY.GDP.MKTP.CD,0.006413906761136583
1978-12-31,CHN,NY.GDP.MKTP.KD.ZG,9.589002442246214e-13
1978-12-31,DEU,NY.GDP.MKTP.CD,0.03175927192496964
1978-12-31,DEU,NY.GDP.MKTP.KD.ZG,6.021575295783459e-13
1978-12-31,FRA,NY.GDP.MKTP.CD,0.021733051599114872
1978-12-31,FRA,NY.GDP.MKTP.KD.ZG,6.437636850073649e-13
1978-12-31,GBR,NY.GDP.MKTP.CD,0.014406256451417894
1978-12-31,GBR,NY.GDP.MKTP.KD.ZG,6.53444834855799e-13
1978-12-31,IND,NY.GDP.MKTP.CD,0.005888905035988686
1978-12-31,IND,NY.GDP.MKTP.KD.ZG,7.181356504771728e-13
1978-12-31,ITA,NY.GDP.MKTP.CD,0.01351307031800686
1978-12-31,ITA,NY.GDP.MKTP.KD.ZG,6.120930258128199e-13
1978-12-31,JPN,NY.GDP.MKTP.CD,0.043474530183197066
1978-12-31,JPN,NY.GDP.MKTP.KD.ZG,6.992384142162249e-13
1978-12-31,USA,NY.GDP.MKTP.CD,0.10086171454386422
1978-12-31,USA,NY.GDP.MKTP.KD.ZG,7.105342557558699e-13
1979-12-31,BRA,NY.GDP.MKTP.CD,0.00949334933334445
1979-12-31,BRA,NY.GDP.MKTP.KD.ZG,7.630434100987846e-13
1979-12-31,CAN,NY.GDP.MKTP.CD,0.010425531320710772
1979-12-31,CHN,NY.GDP.MKTP.CD,0.007646578529514183
1979-12-31,CHN,NY.GDP.MKTP.KD.ZG,7.987183697378306e-13
1979-12-31,DEU,NY.GDP.MKTP.CD,0.03780150681234875
1979-12-31,DEU,NY.GDP.MKTP.KD.ZG,6.511331477834741e-13
1979-12-31,FRA,NY.GDP.MKTP.CD,0.02633287619353653
1979-12-31,FRA,NY.GDP.MKTP.KD.ZG,6.253826820096313e-13
1979-12-31,GBR,NY.GDP.MKTP.CD,0.01882876060369118
1979-12-31,GBR,NY.GDP.MKTP.KD.ZG,6.339191047193415e-13
1979-12-31,IND,NY.GDP.MKTP.CD,0.006561918300518558
1979-12-31,IND,NY.GDP.MKTP.KD.ZG,2.484518865729785e-13
1979-12-31,ITA,NY.GDP.MKTP.CD,0.016885086907529885
1979-12-31,ITA,NY.GDP.MKTP.KD.ZG,7.287136682939786e-13
1979-12-31,JPN,NY.GDP.MKTP.CD,0.04525020262408485
1979-12-31,JPN,NY.GDP.MKTP.KD.ZG,7.08335544677899e-13
1979-12-31,USA,NY.GDP.MKTP.CD,0.11268813733019277
1979-12-31,USA,NY.GDP.MKTP.KD.ZG,6.089193527097643e-13
1980-12-31,BRA,NY.GDP.MKTP.CD,0.010181971676771059
1980-12-31,BRA,NY.GDP.MKTP.KD.ZG,8.6771557160719e-13
1980-12-31,CAN,NY.GDP.MKTP.CD,0.011745780841469598
1980-12-31,CHN,NY.GDP.MKTP.CD,0.008198522458201638
1980-12-31,CHN,NY.GDP.MKTP.KD.ZG,8.091331026105175e-13
1980-12-31,DEU,NY.GDP.MKTP.CD,0.04075863491149435
1980-12-31,DEU,NY.GDP.MKTP.KD.ZG,5.335468200035017e-13
1980-12-31,FRA,NY.GDP.MKTP.CD,0.030078747442085614
1980-12-31,FRA,NY.GDP.MKTP.KD.ZG,5.408346620397769e-13
1980-12-31,GBR,NY.GDP.MKTP.CD,0.024230999736684442
1980-12-31,GBR,NY.GDP.MKTP.KD.ZG,3.859944074604205e-13
1980-12-31,IND,NY.GDP.MKTP.CD,0.00799162347383301
1980-12-31,IND,NY.GDP.MKTP.KD.ZG,7.620252453465806e-13
1980-12-31,ITA,NY.GDP.MKTP.CD,0.020469874625847487
1980-12-31,ITA,NY.GDP.MKTP.KD.ZG,6.202369677599628e-13
1980-12-31,JPN,NY.GDP.MKTP.CD,0.047410772222284694
1980-12-31,JPN,NY.GDP.MKTP.KD.ZG,5.939696252461658e-13
1980-12-31,USA,NY.GDP.MKTP.CD,0.12255188193137767
1980-12-31,USA,NY.GDP.MKTP.KD.ZG,4.621090093852818e-13
1981-12-31,BRA,NY.GDP.MKTP.CD,0.011066450064179268
1981-12-31,BRA,NY.GDP.MKTP.KD.ZG,2.908357291644344e-13
1981-12-31,CAN,NY.GDP.MKTP.CD,0.013133768199850302
1981-12-31,CHN,NY.GDP.MKTP.CD,0.008400845192853933
1981-12-31,CHN,NY.GDP.MKTP.KD.ZG,6.924110557643031e-13
1981-12-31,DEU,NY.GDP.MKTP.CD,0.03433280246825491
1981-12-31,DEU,NY.GDP.MKTP.KD.ZG,4.958206763206009e-13
1981-12-31,FRA,NY.GDP.MKTP.CD,0.026401461543431207
1981-12-31,FRA,NY.GDP.MKTP.KD.ZG,5.189721846592429e-13
1981-12-31,GBR,NY.GDP.MKTP.CD,0.02319381543033077
1981-12-31,GBR,NY.GDP.MKTP.KD.ZG,4.393342999721692e-13
1981-12-31,IND,NY.GDP.MKTP.CD,0.008298946664275575
1981-12-31,IND,NY.GDP.MKTP.KD.ZG,7.307314266987378e-13
1981-12-31,ITA,NY.GDP.MKTP.CD,0.018473144461390704
1981-12-31,ITA,NY.GDP.MKTP.KD.ZG,5.093306897173518e-13
1981-12-31,JPN,NY.GDP.MKTP.CD,0.05228328214450159
1981-12-31,JPN,NY.GDP.MKTP.KD.ZG,6.558623252151136e-13
1981-12-31,USA,NY.GDP.MKTP.CD,0.13755221611850665
1981-12-31,USA,NY.GDP.MKTP.KD.ZG,5.819657250345679e-13
1982-12-31,BRA,NY.GDP.MKTP.CD,0.011636850796252169
1982-12-31,BRA,NY.GDP.MKTP.KD.ZG,5.087204577598858e-13
1982-12-31,CAN,NY.GDP.MKTP.CD,0.013446512624789254
1982-12-31,CHN,NY.GDP.MKTP.CD,0.00879643968383152
1982-12-31,CHN,NY.GDP.MKTP.KD.ZG,8.59871460337362e-13
1982-12-31,DEU,NY.GDP.MKTP.CD,0.033307902887967526
1982-12-31,DEU,NY.GDP.MKTP.KD.ZG,4.561861861478766e-13
1982-12-31,FRA,NY.GDP.MKTP.CD,0.02508581219842751
1982-12-31,FRA,NY.GDP.MKTP.KD.ZG,5.805793823758199e-13
1982-12-31,GBR,NY.GDP.MKTP.CD,0.022090805799564312
1982-12-31,GBR,NY.GDP.MKTP.KD.ZG,5.58683451034645e-13
1982-12-31,IND,NY.GDP.MKTP.CD,0.008608812002924682
1982-12-31,IND,NY.GDP.MKTP.KD.ZG,6.22197794151248e-13
1982-12-31,ITA,NY.GDP.MKTP.CD,0.018326020559120887
1982-12-31,ITA,NY.GDP.MKTP.KD.ZG,4.908601589588697e-13
1982-12-31,JPN,NY.GDP.MKTP.CD,0.04866026514364547
1982-12-31,JPN,NY.GDP.MKTP.KD.ZG,6.137916256060496e-13
1982-12-31,USA,NY.GDP.MKTP.CD,0.14341743282440747
1982-12-31,USA,NY.GDP.MKTP.KD.ZG,3.957940879764407e-13
1983-12-31,BRA,NY.GDP.MKTP.CD,0.008134499293034916
1983-12-31,BRA,NY.GDP.MKTP.KD.ZG,3.474514460435604e-13
1983-12-31,CAN,NY.GDP.MKTP.CD,0.01460632790508182
1983-12-31,CHN,NY.GDP.MKTP.CD,0.00989431482213925
1983-12-31,CHN,NY.GDP.MKTP.KD.ZG,9.350626477852104e-13
1983-12-31,DEU,NY.GDP.MKTP.CD,0.03305518594607267
1983-12-31,DEU,NY.GDP.MKTP.KD.ZG,5.405629456127899e-13
1983-12-31,FRA,NY.GDP.MKTP.CD,0.024013178009902013
1983-12-31,FRA,NY.GDP.MKTP.KD.ZG,5.263427370850003e-13
1983-12-31,GBR,NY.GDP.MKTP.CD,0.021000056462868948
1983-12-31,GBR,NY.GDP.MKTP.KD.ZG,6.541995328636343e-13
1983-12-31,IND,NY.GDP.MKTP.CD,0.00936142051305426
1983-12-31,IND,NY.GDP.MKTP.KD.ZG,7.857468607539849e-13
1983-12-31,ITA,NY.GDP.MKTP.CD,0.019002395151908675
1983-12-31,ITA,NY.GDP.MKTP.KD.ZG,5.232691312532833e-13
1983-12-31,JPN,NY.GDP.MKTP.CD,0.05332701248317165
1983-12-31,JPN,NY.GDP.MKTP.KD.ZG,6.28822919556649e-13
1983-12-31,USA,NY.GDP.MKTP.CD,0.15586641404293355
1983-12-31,USA,NY.GDP.MKTP.KD.ZG,6.697284090573265e-13
1984-12-31,BRA,NY.GDP.MKTP.CD,0.008078032311011741
1984-12-31,BRA,NY.GDP.MKTP.KD.ZG,7.047309321066315e-13
1984-12-31,CAN,NY.GDP.MKTP.CD,0.015242175861239387
1984-12-31,CHN,NY.GDP.MKTP.CD,0.0111492864156782
1984-12-31,CHN,NY.GDP.MKTP.KD.ZG,1.1246968849761028e-12
1984-12-31,DEU,NY.GDP.MKTP.CD,0.03110051975925074
1984-12-31,DEU,NY.GDP.MKTP.KD.ZG,5.941993736422626e-13
1984-12-31,FRA,NY.GDP.MKTP.CD,0.022761395937472357
1984-12-31,FRA,NY.GDP.MKTP.KD.ZG,5.380457522483089e-13
1984-12-31,GBR,NY.GDP.MKTP.CD,0.01979350216935993
1984-12-31,GBR,NY.GDP.MKTP.KD.ZG,5.704446803014887e-13
1984-12-31,IND,NY.GDP.MKTP.CD,0.009099614030166682
1984-12-31,IND,NY.GDP.MKTP.KD.ZG,6.369952817909933e-13
1984-12-31,ITA,NY.GDP.MKTP.CD,0.018781307140907717
1984-12-31,ITA,NY.GDP.MKTP.KD.ZG,6.114802277342421e-13
1984-12-31,JPN,NY.GDP.MKTP.CD,0.056546303737676946
1984-12-31,JPN,NY.GDP.MKTP.KD.ZG,6.62306894847201e-13
1984-12-31,USA,NY.GDP.MKTP.CD,0.1731760261183125
1984-12-31,USA,NY.GDP.MKTP.KD.ZG,7.835054036534483e-13
1985-12-31,BRA,NY.GDP.MKTP.CD,0.007554068658879235
1985-12-31,BRA,NY.GDP.MKTP.KD.ZG,8.098131338899128e-13
1985-12-31,CAN,NY.GDP.MKTP.CD,0.015644659623754234
1985-12-31,CHN,NY.GDP.MKTP.CD,0.01327415649914175
1985-12-31,CHN,NY.GDP.MKTP.KD.ZG,1.049172269108931e-12
1985-12-31,DEU,NY.GDP.MKTP.CD,0.031418930129095905
1985-12-31,DEU,NY.GDP.MKTP.KD.ZG,5.729679416323341e-13
1985-12-31,FRA,NY.GDP.MKTP.CD,0.023724490805612303
1985-12-31,FRA,NY.GDP.MKTP.KD.ZG,5.427234012675378e-13
1985-12-31,GBR,NY.GDP.MKTP.CD,0.0209857805561812
1985-12-31,GBR,NY.GDP.MKTP.KD.ZG,6.510066909466976e-13
1985-12-31,IND,NY.GDP.MKTP.CD,0.009972595945112139
1985-12-31,IND,NY.GDP.MKTP.KD.ZG,6.984817245814403e-13
1985-12-31,ITA,NY.GDP.MKTP.CD,0.01939592235110741
1985-12-31,ITA,NY.GDP.MKTP.KD.ZG,5.931330233585105e-13
1985-12-31,JPN,NY.GDP.MKTP.CD,0.05999948150430319
1985-12-31,JPN,NY.GDP.MKTP.KD.ZG,6.944289263010368e-13
1985-12-31,USA,NY.GDP.MKTP.CD,0.18610182318876695
1985-12-31,USA,NY.GDP.MKTP.KD.ZG,6.519606329238433e-13
1986-12-31,BRA,NY.GDP.MKTP.CD,0.009259184468960235
1986-12-31,BRA,NY.GDP.MKTP.KD.ZG,7.94372483831939e-13
1986-12-31,CAN,NY.GDP.MKTP.CD,0.016188574873310893
1986-12-31,CHN,NY.GDP.MKTP.CD,0.012899723822276792
1986-12-31,CHN,NY.GDP.MKTP.KD.ZG,8.569912580035505e-13
1986-12-31,DEU,NY.GDP.MKTP.CD,0.04487479132923252
1986-12-31,DEU,NY.GDP.MKTP.KD.ZG,5.712267492359012e-13
1986-12-31,FRA,NY.GDP.MKTP.CD,0.03308891776047862
1986-12-31,FRA,NY.GDP.MKTP.KD.ZG,5.733685873651239e-13
1986-12-31,GBR,NY.GDP.MKTP.CD,0.025796722067668948
1986-12-31,GBR,NY.GDP.MKTP.KD.ZG,6.082414741187679e-13
1986-12-31,IND,NY.GDP.MKTP.CD,0.010679182231892877
1986-12-31,IND,NY.GDP.MKTP.KD.ZG,6.779913362506339e-13
1986-12-31,ITA,NY.GDP.MKTP.CD,0.027466615486736918
1986-12-31,ITA,NY.GDP.MKTP.KD.ZG,5.957873610297062e-13
1986-12-31,JPN,NY.GDP.MKTP.CD,0.08916775253396754
1986-12-31,JPN,NY.GDP.MKTP.KD.ZG,6.144051714381771e-13
1986-12-31,USA,NY.GDP.MKTP.CD,0.19642355462694844
1986-12-31,USA,NY.GDP.MKTP.KD.ZG,6.21636472109185e-13
1987-12-31,BRA,NY.GDP.MKTP.CD,0.010187311333859035
1987-12-31,BRA,NY.GDP.MKTP.KD.ZG,6.245253331945099e-13
1987-12-31,CAN,NY.GDP.MKTP.CD,0.01849947466328955
1987-12-31,CHN,NY.GDP.MKTP.CD,0.011708000496631168
1987-12-31,CHN,NY.GDP.MKTP.KD.ZG,9.73116356597434e-13
1987-12-31,DEU,NY.GDP.MKTP.CD,0.05567967488763961
1987-12-31,DEU,NY.GDP.MKTP.KD.ZG,5.3326043847959e-13
1987-12-31,FRA,NY.GDP.MKTP.CD,0.04006734196317526
1987-12-31,FRA,NY.GDP.MKTP.KD.ZG,5.830028660940065e-13
1987-12-31,GBR,NY.GDP.MKTP.CD,0.03196054186312463
1987-12-31,GBR,NY.GDP.MKTP.KD.ZG,7.044194737350076e-13
1987-12-31,IND,NY.GDP.MKTP.CD,0.011967944240426071
1987-12-31,IND,NY.GDP.MKTP.KD.ZG,6.431980387722062e-13
1987-12-31,ITA,NY.GDP.MKTP.CD,0.03455759572057574
1987-12-31,ITA,NY.GDP.MKTP.KD.ZG,6.10026589746054e-13
1987-12-31,JPN,NY.GDP.MKTP.CD,0.10863391900571936
1987-12-31,JPN,NY.GDP.MKTP.KD.ZG,6.725140757023998e-13
1987-12-31,USA,NY.GDP.MKTP.CD,0.20824354380908616
1987-12-31,USA,NY.GDP.MKTP.KD.ZG,6.214909018922156e-13
1988-12-31,BRA,NY.GDP.MKTP.CD,0.01110080340200263
1988-12-31,BRA,NY.GDP.MKTP.KD.ZG,4.705477395610933e-13
1988-12-31,CAN,NY.GDP.MKTP.CD,0.021760780533757882
1988-12-31,CHN,NY.GDP.MKTP.CD,0.013397064205499019
1988-12-31,CHN,NY.GDP.MKTP.KD.ZG,9.544660753129463e-13
1988-12-31,DEU,NY.GDP.MKTP.CD,0.060099866337920894
1988-12-31,DEU,NY.GDP.MKTP.KD.ZG,6.321270937391449e-13
1988-12-31,FRA,NY.GDP.MKTP.CD,0.04369905738330071
1988-12-31,FRA,NY.GDP.MKTP.KD.ZG,6.765578445316457e-13
1988-12-31,GBR,NY.GDP.MKTP.CD,0.039035796157437734
1988-12-31,GBR,NY.GDP.MKTP.KD.ZG,7.18988386489077e-13
1988-12-31,IND,NY.GDP.MKTP.CD,0.012720908000295777
1988-12-31,IND,NY.GDP.MKTP.KD.ZG,8.860634780181331e-13
1988-12-31,ITA,NY.GDP.MKTP.CD,0.03824172748928374
1988-12-31,ITA,NY.GDP.MKTP.KD.ZG,6.53020937394554e-13
1988-12-31,JPN,NY.GDP.MKTP.CD,0.13174661804336
1988-12-31,JPN,NY.GDP.MKTP.KD.ZG,7.588433988754558e-13
1988-12-31,USA,NY.GDP.MKTP.CD,0.22459446307864497
1988-12-31,USA,NY.GDP.MKTP.KD.ZG,6.522782414351092e-13
1989-12-31,BRA,NY.GDP.MKTP.CD,0.014884277955121664
1989-12-31,BRA,NY.GDP.MKTP.KD.ZG,6.086557761905285e-13
1989-12-31,CAN,NY.GDP.MKTP.CD,0.024235633318952877
1989-12-31,CHN,NY.GDP.MKTP.CD,0.014916013282804086
1989-12-31,CHN,NY.GDP.MKTP.KD.ZG,6.535337834864783e-13
1989-12-31,DEU,NY.GDP.MKTP.CD,0.060002685095362975
1989-12-31,DEU,NY.GDP.MKTP.KD.ZG,6.402469898793823e-13
1989-12-31,FRA,NY.GDP.MKTP.CD,0.04397204636654602
1989-12-31,FRA,NY.GDP.MKTP.KD.ZG,6.594323994849947e-13
1989-12-31,GBR,NY.GDP.MKTP.CD,0.039754733610258615
1989-12-31,GBR,NY.GDP.MKTP.KD.ZG,5.836763509487011e-13
1989-12-31,IND,NY.GDP.MKTP.CD,0.01269746223839626
1989-12-31,IND,NY.GDP.MKTP.KD.ZG,7.282068677957468e-13
1989-12-31,ITA,NY.GDP.MKTP.CD,0.03983092959190438
1989-12-31,ITA,NY.GDP.MKTP.KD.ZG,6.184513011727846e-13
1989-12-31,JPN,NY.GDP.MKTP.CD,0.13102739055141252
1989-12-31,JPN,NY.GDP.MKTP.KD.ZG,6.84391539080926e-13
1989-12-31,USA,NY.GDP.MKTP.CD,0.2419712848724706
1989-12-31,USA,NY.GDP.MKTP.KD.ZG,6.306436114110867e-13
1990-12-31,BRA,NY.GDP.MKTP.CD,0.016758493499870283
1990-12-31,BRA,NY.GDP.MKTP.KD.ZG,2.8654665970386494e-13
1990-12-31,CAN,NY.GDP.MKTP.CD,0.025474050985617433
1990-12-31,CHN,NY.GDP.MKTP.CD,0.015477446524286259
1990-12-31,CHN,NY.GDP.MKTP.KD.ZG,6.412634854286994e-13
1990-12-31,DEU,NY.GDP.MKTP.CD,0.07598820867577875
1990-12-31,DEU,NY.GDP.MKTP.KD.ZG,6.98512042283516e-13
1990-12-31,FRA,NY.GDP.MKTP.CD,0.054435995348928796
1990-12-31,FRA,NY.GDP.MKTP.KD.ZG,5.985307878525312e-13
1990-12-31,GBR,NY.GDP.MKTP.CD,0.046886794424829716
1990-12-31,GBR,NY.GDP.MKTP.KD.ZG,5.045924644349395e-13
1990-12-31,IND,NY.GDP.MKTP.CD,0.013767013397397155
1990-12-31,IND,NY.GDP.MKTP.KD.ZG,7.104548909370387e-13
1990-12-31,ITA,NY.GDP.MKTP.CD,0.05066346009371978
1990-12-31,ITA,NY.GDP.MKTP.KD.ZG,5.582924478672035e-13
1990-12-31,JPN,NY.GDP.MKTP.CD,0.13436872520322052
1990-12-31,JPN,NY.GDP.MKTP.KD.ZG,6.807519910470654e-13
1990-12-31,USA,NY.GDP.MKTP.CD,0.25576338819256517
1990-12-31,USA,NY.GDP.MKTP.KD.ZG,5.540115282308987e-13
1991-12-31,BRA,NY.GDP.MKTP.CD,0.01469474791099121
1991-12-31,BRA,NY.GDP.MKTP.KD.ZG,5.173925095236823e-13
1991-12-31,CAN,NY.GDP.MKTP.CD,0.02617739973418861
1991-12-31,CHN,NY.GDP.MKTP.CD,0.016443147906261127
1991-12-31,CHN,NY.GDP.MKTP.KD.ZG,8.704085103881809e-13
1991-12-31,DEU,NY.GDP.MKTP.CD,0.08016035769671544
1991-12-31,DEU,NY.GDP.MKTP.KD.ZG,6.922180661378938e-13
1991-12-31,FRA,NY.GDP.MKTP.CD,0.05444016481177495
1991-12-31,FRA,NY.GDP.MKTP.KD.ZG,5.180781713857623e-13
1991-12-31,GBR,NY.GDP.MKTP.CD,0.04901536476359489
1991-12-31,GBR,NY.GDP.MKTP.KD.ZG,4.258075312482099e-13
1991-12-31,IND,NY.GDP.MKTP.CD,0.011585005730305274
1991-12-31,IND,NY.GDP.MKTP.KD.ZG,5.184494154954813e-13
1991-12-31,ITA,NY.GDP.MKTP.CD,0.05345124812597822
1991-12-31,ITA,NY.GDP.MKTP.KD.ZG,5.391062656040049e-13
1991-12-31,JPN,NY.GDP.MKTP.CD,0.15373826686491082
1991-12-31,JPN,NY.GDP.MKTP.KD.ZG,6.242404204038183e-13
1991-12-31,USA,NY.GDP.MKTP.CD,0.26412643028020133
1991-12-31,USA,NY.GDP.MKTP.KD.ZG,4.684776291563106e-13
1992-12-31,BRA,NY.GDP.MKTP.CD,0.014076209603404714
1992-12-31,BRA,NY.GDP.MKTP.KD.ZG,4.4978555310707734e-13
1992-12-31,CAN,NY.GDP.MKTP.CD,0.02540791946822536
1992-12-31,CHN,NY.GDP.MKTP.CD,0.018310711456618483
1992-12-31,CHN,NY.GDP.MKTP.KD.ZG,1.0832211358926416e-12
1992-12-31,DEU,NY.GDP.MKTP.CD,0.0914245906831116
1992-12-31,DEU,NY.GDP.MKTP.KD.ZG,5.556032706346251e-13
1992-12-31,FRA,NY.GDP.MKTP.CD,0.06010984691114478
1992-12-31,FRA,NY.GDP.MKTP.KD.ZG,5.417180995605015e-13
1992-12-31,GBR,NY.GDP.MKTP.CD,0.05059641662546341
1992-12-31,GBR,NY.GDP.MKTP.KD.ZG,4.903238661411132e-13
1992-12-31,IND,NY.GDP.MKTP.CD,0.012361459770776725
1992-12-31,IND,NY.GDP.MKTP.KD.ZG,7.082649547088057e-13
1992-12-31,ITA,NY.GDP.MKTP.CD,0.056622649943082
1992-12-31,ITA,NY.GDP.MKTP.KD.ZG,5.089038349326287e-13
1992-12-31,JPN,NY.GDP.MKTP.CD,0.16765155296864395
1992-12-31,JPN,NY.GDP.MKTP.KD.ZG,5.117479431755699e-13
1992-12-31,USA,NY.GDP.MKTP.CD,0.2796613540848921
1992-12-31,USA,NY.GDP.MKTP.KD.ZG,6.242011021640678e-13
1993-12-31,BRA,NY.GDP.MKTP.CD,0.01579646174964564
1993-12-31,BRA,NY.GDP.MKTP.KD.ZG,6.843445562127386e-13
1993-12-31,CAN,NY.GDP.MKTP.CD,0.02475525488671937
1993-12-31,CHN,NY.GDP.MKTP.CD,0.019074833616941293
1993-12-31,CHN,NY.GDP.MKTP.KD.ZG,1.0686039747155696e-12
1993-12-31,DEU,NY.GDP.MKTP.CD,0.08884051612216821
1993-12-31,DEU,NY.GDP.MKTP.KD.ZG,4.3122341401133997e-13
1993-12-31,FRA,NY.GDP.MKTP.CD,0.056736480463801794
1993-12-31,FRA,NY.GDP.MKTP.KD.ZG,4.461572447291402e-13
1993-12-31,GBR,NY.GDP.MKTP.CD,0.04552369954436386
1993-12-31,GBR,NY.GDP.MKTP.KD.ZG,5.799117607815034e-13
1993-12-31,IND,NY.GDP.MKTP.CD,0.011979200426953949
1993-12-31,IND,NY.GDP.MKTP.KD.ZG,6.768852732131744e-13
1993-12-31,ITA,NY.GDP.MKTP.CD,0.045676791586481955
1993-12-31,ITA,NY.GDP.MKTP.KD.ZG,4.3654374966316717e-13
1993-12-31,JPN,NY.GDP.MKTP.CD,0.19104132475517954
1993-12-31,JPN,NY.GDP.MKTP.KD.ZG,4.5342492863520683e-13
1993-12-31,USA,NY.GDP.MKTP.CD,0.2941683595026697
1993-12-31,USA,NY.GDP.MKTP.KD.ZG,5.911469819153739e-13
1994-12-31,BRA,NY.GDP.MKTP.CD,0.02253347784977691
1994-12-31,BRA,NY.GDP.MKTP.KD.ZG,7.241548565071756e-13
1994-12-31,CAN,NY.GDP.MKTP.CD,0.02479679527422432
1994-12-31,CHN,NY.GDP.MKTP.CD,0.024204277079996537
1994-12-31,CHN,NY.GDP.MKTP.KD.ZG,1.0322788731499329e-12
1994-12-31,DEU,NY.GDP.MKTP.CD,0.09457716079995553
1994-12-31,DEU,NY.GDP.MKTP.KD.ZG,5.757110935629062e-13
1994-12-31,FRA,NY.GDP.MKTP.CD,0.05978888843620454
1994-12-31,FRA,NY.GDP.MKTP.KD.ZG,5.742721155028491e-13
1994-12-31,GBR,NY.GDP.MKTP.CD,0.04891639739437303
1994-12-31,GBR,NY.GDP.MKTP.KD.ZG,6.38079188362849e-13
1994-12-31,IND,NY.GDP.MKTP.CD,0.01403707710587619
1994-12-31,IND,NY.GDP.MKTP.KD.ZG,7.587270598103298e-13
1994-12-31,ITA,NY.GDP.MKTP.CD,0.04714616728268387
1994-12-31,ITA,NY.GDP.MKTP.KD.ZG,5.653800791849943e-13
1994-12-31,JPN,NY.GDP.MKTP.CD,0.21440189901491102
1994-12-31,JPN,NY.GDP.MKTP.KD.ZG,5.195882381069339e-13
1994-12-31,USA,NY.GDP.MKTP.CD,0.3125546137940337
1994-12-31,USA,NY.GDP.MKTP.KD.ZG,6.459189225769418e-13
1995-12-31,BRA,NY.GDP.MKTP.CD,0.03299724092492013
1995-12-31,BRA,NY.GDP.MKTP.KD.ZG,6.542826240483216e-13
1995-12-31,CAN,NY.GDP.MKTP.CD,0.02590733589316605
1995-12-31,CHN,NY.GDP.MKTP.CD,0.03150526957609583
1995-12-31,CHN,NY.GDP.MKTP.KD.ZG,9.429438916425514e-13
1995-12-31,DEU,NY.GDP.MKTP.CD,0.11090642678682332
1995-12-31,DEU,NY.GDP.MKTP.KD.ZG,5.393506970046857e-13
1995-12-31,FRA,NY.GDP.MKTP.CD,0.06867206622339131
1995-12-31,FRA,NY.GDP.MKTP.KD.ZG,5.63478803971648e-13
1995-12-31,GBR,NY.GDP.MKTP.CD,0.057738780309611076
1995-12-31,GBR,NY.GDP.MKTP.KD.ZG,5.817062645231525e-13
1995-12-31,IND,NY.GDP.MKTP.CD,0.015452743206290571
1995-12-31,IND,NY.GDP.MKTP.KD.ZG,7.979963975519236e-13
1995-12-31,ITA,NY.GDP.MKTP.CD,0.05038207213535337
1995-12-31,ITA,NY.GDP.MKTP.KD.ZG,5.969396150538903e-13
1995-12-31,JPN,NY.GDP.MKTP.CD,0.23785307752323318
1995-12-31,JPN,NY.GDP.MKTP.KD.ZG,5.859665822934821e-13
1995-12-31,USA,NY.GDP.MKTP.CD,0.3276741412214711
1995-12-31,USA,NY.GDP.MKTP.KD.ZG,5.882491245086768e-13
1996-12-31,BRA,NY.GDP.MKTP.CD,0.036475380422291384
1996-12-31,BRA,NY.GDP.MKTP.KD.ZG,5.678608946475737e-13
1996-12-31,CAN,NY.GDP.MKTP.CD,0.026958791172320293
1996-12-31,CHN,NY.GDP.MKTP.CD,0.03704669667735478
1996-12-31,CHN,NY.GDP.MKTP.KD.ZG,8.987065326302512e-13
1996-12-31,DEU,NY.GDP.MKTP.CD,0.10710855575943544
1996-12-31,DEU,NY.GDP.MKTP.KD.ZG,5.076834847823621e-13
1996-12-31,FRA,NY.GDP.MKTP.CD,0.068868519773188
1996-12-31,FRA,NY.GDP.MKTP.KD.ZG,5.337254613239917e-13
1996-12-31,GBR,NY.GDP.MKTP.CD,0.06097424116231097
1996-12-31,GBR,NY.GDP.MKTP.KD.ZG,5.549483529746858e-13
1996-12-31,IND,NY.GDP.MKTP.CD,0.016851627569882004
1996-12-31,IND,NY.GDP.MKTP.KD.ZG,7.969254344283041e-13
1996-12-31,ITA,NY.GDP.MKTP.CD,0.056290885396178096
1996-12-31,ITA,NY.GDP.MKTP.KD.ZG,5.274544613072197e-13
1996-12-31,JPN,NY.GDP.MKTP.CD,0.21116768270177194
1996-12-31,JPN,NY.GDP.MKTP.KD.ZG,6.075350849225479e-13
1996-12-31,USA,NY.GDP.MKTP.CD,0.3462618102147021
1996-12-31,USA,NY.GDP.MKTP.KD.ZG,6.3492913594312e-13
1997-12-31,BRA,NY.GDP.MKTP.CD,0.03788133824128279
1997-12-31,BRA,NY.GDP.MKTP.KD.ZG,6.187284836685026e-13
1997-12-31,CAN,NY.GDP.MKTP.CD,0.0280928473817924
1997-12-31,CHN,NY.GDP.MKTP.CD,0.04124386147788613
1997-12-31,CHN,NY.GDP.MKTP.KD.ZG,8.692930867093494e-13
1997-12-31,DEU,NY.GDP.MKTP.CD,0.09487377140291273
1997-12-31,DEU,NY.GDP.MKTP.KD.ZG,5.499882036923891e-13
1997-12-31,FRA,NY.GDP.MKTP.CD,0.062315243313464816
1997-12-31,FRA,NY.GDP.MKTP.KD.ZG,5.733265621867109e-13
1997-12-31,GBR,NY.GDP.MKTP.CD,0.06698700704078339
1997-12-31,GBR,NY.GDP.MKTP.KD.ZG,6.604068765634934e-13
1997-12-31,IND,NY.GDP.MKTP.CD,0.017836856827686987
1997-12-31,IND,NY.GDP.MKTP.KD.ZG,6.468208104824735e-13
1997-12-31,ITA,NY.GDP.MKTP.CD,0.053265078848008206
1997-12-31,ITA,NY.GDP.MKTP.KD.ZG,5.516202552240374e-13
1997-12-31,JPN,NY.GDP.MKTP.CD,0.1926842411754397
1997-12-31,JPN,NY.GDP.MKTP.KD.ZG,5.152067631253528e-13
1997-12-31,USA,NY.GDP.MKTP.CD,0.3678972686769465
1997-12-31,USA,NY.GDP.MKTP.KD.ZG,6.638636036707662e-13
1998-12-31,BRA,NY.GDP.MKTP.CD,0.03704516504250497
1998-12-31,BRA,NY.GDP.MKTP.KD.ZG,4.876224350648276e-13
1998-12-31,CAN,NY.GDP.MKTP.CD,0.02719270038030402
1998-12-31,CAN,NY.GDP.MKTP.KD.ZG,6.402298394755748e-13
1998-12-31,CHN,NY.GDP.MKTP.CD,0.04413637323347185
1998-12-31,CHN,NY.GDP.MKTP.KD.ZG,8.096395032369683e-13
1998-12-31,DEU,NY.GDP.MKTP.CD,0.09603186954257951
1998-12-31,DEU,NY.GDP.MKTP.KD.ZG,5.595001572829644e-13
1998-12-31,FRA,NY.GDP.MKTP.CD,0.06446937789048582
1998-12-31,FRA,NY.GDP.MKTP.KD.ZG,6.27041276693116e-13
1998-12-31,GBR,NY.GDP.MKTP.CD,0.07098672785282059
1998-12-31,GBR,NY.GDP.MKTP.KD.ZG,6.085394282601687e-13
1998-12-31,IND,NY.GDP.MKTP.CD,0.01807205754366797
1998-12-31,IND,NY.GDP.MKTP.KD.ZG,7.383750715247768e-13
1998-12-31,ITA,NY.GDP.MKTP.CD,0.054473435022899606
1998-12-31,ITA,NY.GDP.MKTP.KD.ZG,5.507797231976647e-13
1998-12-31,JPN,NY.GDP.MKTP.CD,0.1757816233571844
1998-12-31,JPN,NY.GDP.MKTP.KD.ZG,4.186358239438796e-13
1998-12-31,USA,NY.GDP.MKTP.CD,0.3887105677668198
1998-12-31,USA,NY.GDP.MKTP.KD.ZG,6.653313012075527e-13
1999-12-31,BRA,NY.GDP.MKTP.CD,0.02571906511313303
1999-12-31,BRA,NY.GDP.MKTP.KD.ZG,4.931913484955847e-13
1999-12-31,CAN,NY.GDP.MKTP.CD,0.02909757032732414
1999-12-31,CAN,NY.GDP.MKTP.KD.ZG,6.945621327630611e-13
1999-12-31,CHN,NY.GDP.MKTP.CD,0.046922302690150915
1999-12-31,CHN,NY.GDP.MKTP.KD.ZG,8.017347359163092e-13
1999-12-31,DEU,NY.GDP.MKTP.CD,0.09414272763218719
1999-12-31,DEU,NY.GDP.MKTP.KD.ZG,5.540671230340465e-13
1999-12-31,FRA,NY.GDP.MKTP.CD,0.06404231518163728
1999-12-31,FRA,NY.GDP.MKTP.KD.ZG,6.198662799737549e-13
1999-12-31,GBR,NY.GDP.MKTP.CD,0.07245481115116127
1999-12-31,GBR,NY.GDP.MKTP.KD.ZG,6.023967575536163e-13
1999-12-31,IND,NY.GDP.MKTP.CD,0.019679126399236458
1999-12-31,IND,NY.GDP.MKTP.KD.ZG,8.52521781560749e-13
1999-12-31,ITA,NY.GDP.MKTP.CD,0.053718307196971925
1999-12-31,ITA,NY.GDP.MKTP.KD.ZG,5.428497672129214e-13
1999-12-31,JPN,NY.GDP.MKTP.CD,0.19884049776891344
1999-12-31,JPN,NY.GDP.MKTP.KD.ZG,4.587986934000721e-13
1999-12-31,USA,NY.GDP.MKTP.CD,0.4130877636996024
1999-12-31,USA,NY.GDP.MKTP.KD.ZG,6.787605755485106e-13
2000-12-31,BRA,NY.GDP.MKTP.CD,0.028112628071832478
2000-12-31,BRA,NY.GDP.MKTP.KD.ZG,6.613233809322417e-13
2000-12-31,CAN,NY.GDP.MKTP.CD,0.03194384913342395
2000-12-31,CAN,NY.GDP.MKTP.KD.ZG,6.95193571462031e-13
2000-12-31,CHN,NY.GDP.MKTP.CD,0.05195550864593271
2000-12-31,CHN,NY.GDP.MKTP.KD.ZG,8.372671846862081e-13
2000-12-31,DEU,NY.GDP.MKTP.CD,0.08355030067380043
2000-12-31,DEU,NY.GDP.MKTP.KD.ZG,5.980404563894151e-13
2000-12-31,FRA,NY.GDP.MKTP.CD,0.05857323363254742
2000-12-31,FRA,NY.GDP.MKTP.KD.ZG,6.414100797870652e-13
2000-12-31,GBR,NY.GDP.MKTP.CD,0.07146132263610126
2000-12-31,GBR,NY.GDP.MKTP.KD.ZG,6.486579316682088e-13
2000-12-31,IND,NY.GDP.MKTP.CD,0.02008978420931432
2000-12-31,IND,NY.GDP.MKTP.KD.ZG,6.378639599263607e-13
2000-12-31,ITA,NY.GDP.MKTP.CD,0.049181768481104414
2000-12-31,ITA,NY.GDP.MKTP.KD.ZG,6.355463177705047e-13
2000-12-31,JPN,NY.GDP.MKTP.CD,0.21309637181735175
2000-12-31,JPN,NY.GDP.MKTP.KD.ZG,5.916988350576753e-13
2000-12-31,USA,NY.GDP.MKTP.CD,0.439670279955755
2000-12-31,USA,NY.GDP.MKTP.KD.ZG,6.479933833266124e-13
2001-12-31,BRA,NY.GDP.MKTP.CD,0.024018414175145483
2001-12-31,BRA,NY.GDP.MKTP.KD.ZG,5.327348033039947e-13
2001-12-31,CAN,NY.GDP.MKTP.CD,0.031695442375347
2001-12-31,CAN,NY.GDP.MKTP.KD.ZG,5.498943613817632e-13
2001-12-31,CHN,NY.GDP.MKTP.CD,0.05744761273412032
2001-12-31,CHN,NY.GDP.MKTP.KD.ZG,8.306465801635632e-13
2001-12-31,DEU,NY.GDP.MKTP.CD,0.0834563264238303
2001-12-31,DEU,NY.GDP.MKTP.KD.ZG,5.452405323433578e-13
2001-12-31,FRA,NY.GDP.MKTP.CD,0.05908868021092178
2001-12-31,FRA,NY.GDP.MKTP.KD.ZG,5.582043707862127e-13
2001-12-31,GBR,NY.GDP.MKTP.CD,0.07071210453128328
2001-12-31,GBR,NY.GDP.MKTP.KD.ZG,5.656547743466162e-13
2001-12-31,IND,NY.GDP.MKTP.CD,0.020820902303990974
2001-12-31,IND,NY.GDP.MKTP.KD.ZG,6.800244450494322e-13
2001-12-31,ITA,NY.GDP.MKTP.CD,0.050097336059423764
2001-12-31,ITA,NY.GDP.MKTP.KD.ZG,5.568168627097438e-13
2001-12-31,JPN,NY.GDP.MKTP.CD,0.18763442325844706
2001-12-31,JPN,NY.GDP.MKTP.KD.ZG,4.89681425374335e-13
2001-12-31,USA,NY.GDP.MKTP.CD,0.4538663182730184
2001-12-31,USA,NY.GDP.MKTP.KD.ZG,5.140534322005622e-13
2002-12-31,BRA,NY.GDP.MKTP.CD,0.02186519637604223
2002-12-31,BRA,NY.GDP.MKTP.KD.ZG,6.040862813250496e-13
2002-12-31,CAN,NY.GDP.MKTP.CD,0.032624778291080285
2002-12-31,CAN,NY.GDP.MKTP.KD.ZG,6.025674640620234e-13
2002-12-31,CHN,NY.GDP.MKTP.CD,0.06307291159931917
2002-12-31,CHN,NY.GDP.MKTP.KD.ZG,8.648689500851417e-13
2002-12-31,DEU,NY.GDP.MKTP.CD,0.08914764468154844
2002-12-31,DEU,NY.GDP.MKTP.KD.ZG,4.646299459503738e-13
2002-12-31,FRA,NY.GDP.MKTP.CD,0.06439649132319791
2002-12-31,FRA,NY.GDP.MKTP.KD.ZG,5.218249152529693e-13
2002-12-31,GBR,NY.GDP.MKTP.CD,0.07659608210893679
2002-12-31,GBR,NY.GDP.MKTP.KD.ZG,5.490705348849341e-13
2002-12-31,IND,NY.GDP.MKTP.CD,0.022086046306196733
2002-12-31,IND,NY.GDP.MKTP.KD.ZG,6.36276325033066e-13
2002-12-31,ITA,NY.GDP.MKTP.CD,0.05476152377745534
2002-12-31,ITA,NY.GDP.MKTP.KD.ZG,4.840129728533528e-13
2002-12-31,JPN,NY.GDP.MKTP.CD,0.17940517233549125
2002-12-31,JPN,NY.GDP.MKTP.KD.ZG,4.749209819803093e-13
2002-12-31,USA,NY.GDP.MKTP.CD,0.4687572460614247
2002-12-31,USA,NY.GDP.MKTP.KD.ZG,5.458613512052753e-13
2003-12-31,BRA,NY.GDP.MKTP.CD,0.02394283860298751
2003-12-31,BRA,NY.GDP.MKTP.KD.ZG,5.220521293983047e-13
2003-12-31,CAN,NY.GDP.MKTP.CD,0.03841036038201852
2003-12-31,CAN,NY.GDP.MKTP.KD.ZG,5.503895454342533e-13
2003-12-31,CHN,NY.GDP.MKTP.CD,0.07121090409275108
2003-12-31,CHN,NY.GDP.MKTP.KD.ZG,9.036592810308107e-13
2003-12-31,DEU,NY.GDP.MKTP.CD,0.10729709391543261
2003-12-31,DEU,NY.GDP.MKTP.KD.ZG,4.4309269026513087e-13
2003-12-31,FRA,NY.GDP.MKTP.CD,0.07911380736172838
2003-12-31,FRA,NY.GDP.MKTP.KD.ZG,5.084271178635124e-13
2003-12-31,GBR,NY.GDP.MKTP.CD,0.0882095277181413
2003-12-31,GBR,NY.GDP.MKTP.KD.ZG,6.070711071039975e-13
2003-12-31,IND,NY.GDP.MKTP.CD,0.026064644463944124
2003-12-31,IND,NY.GDP.MKTP.KD.ZG,8.102584025865167e-13
2003-12-31,ITA,NY.GDP.MKTP.CD,0.06766529084044454
2003-12-31,ITA,NY.GDP.MKTP.KD.ZG,4.790669848738074e-13
2003-12-31,JPN,NY.GDP.MKTP.CD,0.1938471382773735
2003-12-31,JPN,NY.GDP.MKTP.KD.ZG,5.389637802080184e-13
2003-12-31,USA,NY.GDP.MKTP.CD,0.4913747568456015
2003-12-31,USA,NY.GDP.MKTP.KD.ZG,5.930525318271967e-13
2004-12-31,BRA,NY.GDP.MKTP.CD,0.028706474784294854
2004-12-31,BRA,NY.GDP.MKTP.KD.ZG,7.201700654084934e-13
2004-12-31,CAN,NY.GDP.MKTP.CD,0.04403545746482272
2004-12-31,CAN,NY.GDP.MKTP.KD.ZG,6.055239323754903e-13
2004-12-31,CHN,NY.GDP.MKTP.CD,0.0838661912379588
2004-12-31,CHN,NY.GDP.MKTP.KD.ZG,9.069014271115301e-13
2004-12-31,DEU,NY.GDP.MKTP.CD,0.12070959232271163
2004-12-31,DEU,NY.GDP.MKTP.KD.ZG,5.23521527424737e-13
2004-12-31,FRA,NY.GDP.MKTP.CD,0.09091253946944965
2004-12-31,FRA,NY.GDP.MKTP.KD.ZG,5.944912499110082e-13
2004-12-31,GBR,NY.GDP.MKTP.CD,0.10392237835033345
2004-12-31,GBR,NY.GDP.MKTP.KD.ZG,5.736986369138319e-13
2004-12-31,IND,NY.GDP.MKTP.CD,0.030415872378840896
2004-12-31,IND,NY.GDP.MKTP.KD.ZG,8.12941435877842e-13
2004-12-31,ITA,NY.GDP.MKTP.CD,0.07748388275591428
2004-12-31,ITA,NY.GDP.MKTP.KD.ZG,5.341801235179209e-13
2004-12-31,JPN,NY.GDP.MKTP.CD,0.20986914426793965
2004-12-31,JPN,NY.GDP.MKTP.KD.ZG,5.668852018589485e-13
2004-12-31,USA,NY.GDP.MKTP.CD,0.5240039023912019
2004-12-31,USA,NY.GDP.MKTP.KD.ZG,6.383598382828991e-13
2005-12-31,BRA,NY.GDP.MKTP.CD,0.03824263763215575
2005-12-31,BRA,NY.GDP.MKTP.KD.ZG,6.104628495650145e-13
2005-12-31,CAN,NY.GDP.MKTP.CD,0.05031544264967171
2005-12-31,CAN,NY.GDP.MKTP.KD.ZG,6.105515632609272e-13
2005-12-31,CHN,NY.GDP.MKTP.CD,0.09804666496809605
2005-12-31,CHN,NY.GDP.MKTP.KD.ZG,9.618431387077088e-13
2005-12-31,DEU,NY.GDP.MKTP.CD,0.12210398346506009
2005-12-31,DEU,NY.GDP.MKTP.KD.ZG,5.045046097300092e-13
2005-12-31,FRA,NY.GDP.MKTP.CD,0.09422850702969184
2005-12-31,FRA,NY.GDP.MKTP.KD.ZG,5.444578414741142e-13
2005-12-31,GBR,NY.GDP.MKTP.CD,0.10914847358156746
2005-12-31,GBR,NY.GDP.MKTP.KD.ZG,5.875680367776673e-13
2005-12-31,IND,NY.GDP.MKTP.CD,0.035186736473517236
2005-12-31,IND,NY.GDP.MKTP.KD.ZG,8.129626242512352e-13
2005-12-31,ITA,NY.GDP.MKTP.CD,0.07970022417172731
2005-12-31,ITA,NY.GDP.MKTP.KD.ZG,5.081992917996115e-13
2005-12-31,JPN,NY.GDP.MKTP.CD,0.20722497711148996
2005-12-31,JPN,NY.GDP.MKTP.KD.ZG,5.50491742648542e-13
2005-12-31,USA,NY.GDP.MKTP.CD,0.5592603104865643
2005-12-31,USA,NY.GDP.MKTP.KD.ZG,6.225189202367316e-13
2006-12-31,BRA,NY.GDP.MKTP.CD,0.04750746139698119
2006-12-31,BRA,NY.GDP.MKTP.KD.ZG,6.43053629080704e-13
2006-12-31,CAN,NY.GDP.MKTP.CD,0.05658418405230578
2006-12-31,CAN,NY.GDP.MKTP.KD.ZG,5.861083016122879e-13
2006-12-31,CHN,NY.GDP.MKTP.CD,0.11804084340529891
2006-12-31,CHN,NY.GDP.MKTP.KD.ZG,1.0187318057612991e-12
2006-12-31,DEU,NY.GDP.MKTP.CD,0.12844491934421795
2006-12-31,DEU,NY.GDP.MKTP.KD.ZG,6.368110258066753e-13
2006-12-31,FRA,NY.GDP.MKTP.CD,0.09952941038924865
2006-12-31,FRA,NY.GDP.MKTP.KD.ZG,5.781743718028299e-13
2006-12-31,GBR,NY.GDP.MKTP.CD,0.11622999442650901
2006-12-31,GBR,NY.GDP.MKTP.KD.ZG,5.657824660667944e-13
2006-12-31,IND,NY.GDP.MKTP.CD,0.04032839974037503
2006-12-31,IND,NY.GDP.MKTP.KD.ZG,8.188516003232537e-13
2006-12-31,ITA,NY.GDP.MKTP.CD,0.08361762741426909
2006-12-31,ITA,NY.GDP.MKTP.KD.ZG,5.499229609357091e-13
2006-12-31,JPN,NY.GDP.MKTP.CD,0.19736852767103513
2006-12-31,JPN,NY.GDP.MKTP.KD.ZG,5.319822314528777e-13
2006-12-31,USA,NY.GDP.MKTP.CD,0.5925601205816503
2006-12-31,USA,NY.GDP.MKTP.KD.ZG,5.924778619351523e-13
2007-12-31,BRA,NY.GDP.MKTP.CD,0.059921918192450796
2007-12-31,BRA,NY.GDP.MKTP.KD.ZG,7.334621477273243e-13
2007-12-31,CAN,NY.GDP.MKTP.CD,0.06299872754090093
2007-12-31,CAN,NY.GDP.MKTP.KD.ZG,5.618796087606561e-13
2007-12-31,CHN,NY.GDP.MKTP.CD,0.15227666607814588
2007-12-31,CHN,NY.GDP.MKTP.KD.ZG,1.0834926914991472e-12
2007-12-31,DEU,NY.GDP.MKTP.CD,0.14692543626926202
2007-12-31,DEU,NY.GDP.MKTP.KD.ZG,6.007834092813978e-13
2007-12-31,FRA,NY.GDP.MKTP.CD,0.11411460661157338
2007-12-31,FRA,NY.GDP.MKTP.KD.ZG,5.771198029506007e-13
2007-12-31,GBR,NY.GDP.MKTP.CD,0.13265324649004548
2007-12-31,GBR,NY.GDP.MKTP.KD.ZG,5.830697809818143e-13
2007-12-31,IND,NY.GDP.MKTP.CD,0.05218662823849643
2007-12-31,IND,NY.GDP.MKTP.KD.ZG,8.016988606209789e-13
2007-12-31,ITA,NY.GDP.MKTP.CD,0.09492150271864398
2007-12-31,ITA,NY.GDP.MKTP.KD.ZG,5.369027742943315e-13
2007-12-31,JPN,NY.GDP.MKTP.CD,0.19642869809426355
2007-12-31,JPN,NY.GDP.MKTP.KD.ZG,5.3676966007562e-13
2007-12-31,USA,NY.GDP.MKTP.CD,0.6208096458322587
2007-12-31,USA,NY.GDP.MKTP.KD.ZG,5.593532466363911e-13
2008-12-31,BRA,NY.GDP.MKTP.CD,0.07273509356207425
2008-12-31,BRA,NY.GDP.MKTP.KD.ZG,6.916147623972708e-13
2008-12-31,CAN,NY.GDP.MKTP.CD,0.06660880655056789
2008-12-31,CAN,NY.GDP.MKTP.KD.ZG,5.163388185457663e-13
2008-12-31,CHN,NY.GDP.MKTP.CD,0.19705301986182144
2008-12-31,CHN,NY.GDP.MKTP.KD.ZG,8.870455035018752e-13
2008-12-31,DEU,NY.GDP.MKTP.CD,0.16063697845642136
2008-12-31,DEU,NY.GDP.MKTP.KD.ZG,5.14291064013251e-13
2008-12-31,FRA,NY.GDP.MKTP.CD,0.12568276456505473
2008-12-31,FRA,NY.GDP.MKTP.KD.ZG,4.840559905539765e-13
2008-12-31,GBR,NY.GDP.MKTP.CD,0.1257341500794254
2008-12-31,GBR,NY.GDP.MKTP.KD.ZG,4.665012463712562e-13
2008-12-31,IND,NY.GDP.MKTP.CD,0.05142146427771012
2008-12-31,IND,NY.GDP.MKTP.KD.ZG,6.05511805047956e-13
2008-12-31,ITA,NY.GDP.MKTP.CD,0.10330890097205313
2008-12-31,ITA,NY.GDP.MKTP.KD.ZG,4.3185978228564367e-13
2008-12-31,JPN,NY.GDP.MKTP.CD,0.21902901437523123
2008-12-31,JPN,NY.GDP.MKTP.KD.ZG,4.2061057559841336e-13
2008-12-31,USA,NY.GDP.MKTP.CD,0.6334894650264953
2008-12-31,USA,NY.GDP.MKTP.KD.ZG,4.783619284293508e-13
2009-12-31,BRA,NY.GDP.MKTP.CD,0.07149963644154494
2009-12-31,BRA,NY.GDP.MKTP.KD.ZG,4.677250170750244e-13
2009-12-31,CAN,NY.GDP.MKTP.CD,0.05895862716966183
2009-12-31,CAN,NY.GDP.MKTP.KD.ZG,3.475200639988084e-13
2009-12-31,CHN,NY.GDP.MKTP.CD,0.21881558847569588
2009-12-31,CHN,NY.GDP.MKTP.KD.ZG,8.762390520245837e-13
2009-12-31,DEU,NY.GDP.MKTP.CD,0.14631136289163035
2009-12-31,DEU,NY.GDP.MKTP.KD.ZG,2.2890858579956473e-13
2009-12-31,FRA,NY.GDP.MKTP.CD,0.11584293521916883
2009-12-31,FRA,NY.GDP.MKTP.KD.ZG,3.498827553138735e-13
2009-12-31,GBR,NY.GDP.MKTP.CD,0.10369418433702882
2009-12-31,GBR,NY.GDP.MKTP.KD.ZG,2.796633208406535e-13
2009-12-31,IND,NY.GDP.MKTP.CD,0.057554448476204875
2009-12-31,IND,NY.GDP.MKTP.KD.ZG,8.103230541968129e-13
2009-12-31,ITA,NY.GDP.MKTP.CD,0.09435647449157344
2009-12-31,ITA,NY.GDP.MKTP.KD.ZG,2.4661811620616066e-13
2009-12-31,JPN,NY.GDP.MKTP.CD,0.22687003394177496
2009-12-31,JPN,NY.GDP.MKTP.KD.ZG,2.289343192547267e-13
2009-12-31,USA,NY.GDP.MKTP.CD,0.6209742615619844
2009-12-31,USA,NY.GDP.MKTP.KD.ZG,3.6161016396283595e-13
2010-12-31,BRA,NY.GDP.MKTP.CD,0.09474003920031085
2010-12-31,BRA,NY.GDP.MKTP.KD.ZG,7.960120157244164e-13
2010-12-31,CAN,NY.GDP.MKTP.CD,0.06936898044741414
2010-12-31,CAN,NY.GDP.MKTP.KD.ZG,6.056317514615131e-13
2010-12-31,CHN,NY.GDP.MKTP.CD,0.2610826867552698
2010-12-31,CHN,NY.GDP.MKTP.KD.ZG,9.293010789292441e-13
2010-12-31,DEU,NY.GDP.MKTP.CD,0.14581411422793866
2010-12-31,DEU,NY.GDP.MKTP.KD.ZG,6.523992449772291e-13
2010-12-31,FRA,NY.GDP.MKTP.CD,0.11345394562627448
2010-12-31,FRA,NY.GDP.MKTP.KD.ZG,5.56733914983238e-13
2010-12-31,GBR,NY.GDP.MKTP.CD,0.10685776907638539
2010-12-31,GBR,NY.GDP.MKTP.KD.ZG,5.773486956469075e-13
2010-12-31,IND,NY.GDP.MKTP.CD,0.07186830563586086
2010-12-31,IND,NY.GDP.MKTP.KD.ZG,8.375884915565446e-13
2010-12-31,ITA,NY.GDP.MKTP.CD,0.09161881082716233
2010-12-31,ITA,NY.GDP.MKTP.KD.ZG,5.466056298439437e-13
2010-12-31,JPN,NY.GDP.MKTP.CD,0.24701058845586146
2010-12-31,JPN,NY.GDP.MKTP.KD.ZG,6.488837272322129e-13
2010-12-31,USA,NY.GDP.MKTP.CD,0.6454605380957735
2010-12-31,USA,NY.GDP.MKTP.KD.ZG,5.893059264380344e-13
2011-12-31,BRA,NY.GDP.MKTP.CD,0.11221070291691254
2011-12-31,BRA,NY.GDP.MKTP.KD.ZG,6.435869477706758e-13
2011-12-31,CAN,NY.GDP.MKTP.CD,0.07691702482304022
2011-12-31,CAN,NY.GDP.MKTP.KD.ZG,6.08093109126352e-13
2011-12-31,CHN,NY.GDP.MKTP.CD,0.3238890856404065
2011-12-31,CHN,NY.GDP.MKTP.KD.ZG,8.82763007448618e-13
2011-12-31,DEU,NY.GDP.MKTP.CD,0.16081072426111517
2011-12-31,DEU,NY.GDP.MKTP.KD.ZG,6.414754227992653e-13
2011-12-31,FRA,NY.GDP.MKTP.CD,0.12288859713053657
2011-12-31,FRA,NY.GDP.MKTP.KD.ZG,5.671676344342077e-13
2011-12-31,GBR,NY.GDP.MKTP.CD,0.114363876985514
2011-12-31,GBR,NY.GDP.MKTP.KD.ZG,5.189117549087616e-13
2011-12-31,IND,NY.GDP.MKTP.CD,0.07819187770296164
2011-12-31,IND,NY.GDP.MKTP.KD.ZG,6.979248222935082e-13
2011-12-31,ITA,NY.GDP.MKTP.CD,0.09843389949665457
2011-12-31,ITA,NY.GDP.MKTP.KD.ZG,5.03459199809292e-13
2011-12-31,JPN,NY.GDP.MKTP.CD,0.26734401179995027
2011-12-31,JPN,NY.GDP.MKTP.KD.ZG,4.74142388250341e-13
2011-12-31,USA,NY.GDP.MKTP.CD,0.6690831748515155
2011-12-31,USA,NY.GDP.MKTP.KD.ZG,5.395972522156447e-13
2012-12-31,BRA,NY.GDP.MKTP.CD,0.1057336545795274
2012-12-31,BRA,NY.GDP.MKTP.KD.ZG,5.555217537261274e-13
2012-12-31,CAN,NY.GDP.MKTP.CD,0.07841990838618684
2012-12-31,CAN,NY.GDP.MKTP.KD.ZG,5.48704130433022e-13
2012-12-31,CHN,NY.GDP.MKTP.CD,0.365953270675752
2012-12-31,CHN,NY.GDP.MKTP.KD.ZG,8.104022997138903e-13
2012-12-31,DEU,NY.GDP.MKTP.CD,0.15128162134021475
2012-12-31,DEU,NY.GDP.MKTP.KD.ZG,4.910708337441009e-13
2012-12-31,FRA,NY.GDP.MKTP.CD,0.11510454403409323
2012-12-31,FRA,NY.GDP.MKTP.KD.ZG,4.86551748216207e-13
2012-12-31,GBR,NY.GDP.MKTP.CD,0.11607684391550009
2012-12-31,GBR,NY.GDP.MKTP.KD.ZG,5.35246497646116e-13
2012-12-31,IND,NY.GDP.MKTP.CD,0.07838865728184369
2012-12-31,IND,NY.GDP.MKTP.KD.ZG,7.071494848896094e-13
2012-12-31,ITA,NY.GDP.MKTP.CD,0.08951106351363357
2012-12-31,ITA,NY.GDP.MKTP.KD.ZG,3.452680622844208e-13
2012-12-31,JPN,NY.GDP.MKTP.CD,0.26902600572069796
2012-12-31,JPN,NY.GDP.MKTP.KD.ZG,5.320852065029608e-13
2012-12-31,USA,NY.GDP.MKTP.CD,0.6971441590422426
2012-12-31,USA,NY.GDP.MKTP.KD.ZG,5.70941456716264e-13
2013-12-31,BRA,NY.GDP.MKTP.CD,0.10606040642012393
2013-12-31,BRA,NY.GDP.MKTP.KD.ZG,6.020001126959682e-13
2013-12-31,CAN,NY.GDP.MKTP.CD,0.07920184607953751
2013-12-31,CAN,NY.GDP.MKTP.KD.ZG,5.730188633498669e-13
2013-12-31,CHN,NY.GDP.MKTP.CD,0.4104813711038768
2013-12-31,CHN,NY.GDP.MKTP.KD.ZG,8.062167533346505e-13
2013-12-31,DEU,NY.GDP.MKTP.CD,0.16014547494054612
2013-12-31,DEU,NY.GDP.MKTP.KD.ZG,4.918897761825766e-13
2013-12-31,FRA,NY.GDP.MKTP.CD,0.12060335352916876
2013-12-31,FRA,NY.GDP.MKTP.KD.ZG,4.978402326380037e-13
2013-12-31,GBR,NY.GDP.MKTP.CD,0.11950699497217018
2013-12-31,GBR,NY.GDP.MKTP.KD.ZG,5.511763854645458e-13
2013-12-31,IND,NY.GDP.MKTP.CD,0.07963610147631299
2013-12-31,IND,NY.GDP.MKTP.KD.ZG,7.470257205981495e-13
2013-12-31,ITA,NY.GDP.MKTP.CD,0.09186861219700532
2013-12-31,ITA,NY.GDP.MKTP.KD.ZG,3.9415660523503976e-13
2013-12-31,JPN,NY.GDP.MKTP.CD,0.22356037620205177
2013-12-31,JPN,NY.GDP.MKTP.KD.ZG,5.591213205726247e-13
2013-12-31,USA,NY.GDP.MKTP.CD,0.7224161610618539
2013-12-31,USA,NY.GDP.MKTP.KD.ZG,5.521204963135966e-13
2014-12-31,BRA,NY.GDP.MKTP.CD,0.10533927253002118
2014-12-31,BRA,NY.GDP.MKTP.KD.ZG,4.947361929867888e-13
2014-12-31,CAN,NY.GDP.MKTP.CD,0.07744986657039955
2014-12-31,CAN,NY.GDP.MKTP.KD.ZG,5.96219022056342e-13
2014-12-31,CHN,NY.GDP.MKTP.CD,0.44930931693081716
2014-12-31,CHN,NY.GDP.MKTP.KD.ZG,7.91617342432856e-13
2014-12-31,DEU,NY.GDP.MKTP.CD,0.166805902343951
2014-12-31,DEU,NY.GDP.MKTP.KD.ZG,5.678900337687854e-13
2014-12-31,FRA,NY.GDP.MKTP.CD,0.12249430068449522
2014-12-31,FRA,NY.GDP.MKTP.KD.ZG,5.141325365235531e-13
2014-12-31,GBR,NY.GDP.MKTP.CD,0.13146955558249937
2014-12-31,GBR,NY.GDP.MKTP.KD.ZG,6.10358649403662e-13
2014-12-31,IND,NY.GDP.MKTP.CD,0.08745959256120907
2014-12-31,IND,NY.GDP.MKTP.KD.ZG,7.90950990403857e-13
2014-12-31,ITA,NY.GDP.MKTP.CD,0.09273009417414374
2014-12-31,ITA,NY.GDP.MKTP.KD.ZG,4.729261339866819e-13
2014-12-31,JPN,NY.GDP.MKTP.CD,0.21003549152488984
2014-12-31,JPN,NY.GDP.MKTP.KD.ZG,4.858256414849448e-13
2014-12-31,USA,NY.GDP.MKTP.CD,0.7527608634607577
2014-12-31,USA,NY.GDP.MKTP.KD.ZG,5.71245480086181e-13
2015-12-31,BRA,NY.GDP.MKTP.CD,0.07729822631809505
2015-12-31,BRA,NY.GDP.MKTP.KD.ZG,3.210409264183176e-13
2015-12-31,CAN,NY.GDP.MKTP.CD,0.06675974428747307
2015-12-31,CAN,NY.GDP.MKTP.KD.ZG,5.01393734783271e-13
2015-12-31,CHN,NY.GDP.MKTP.CD,0.47443769501100097
2015-12-31,CHN,NY.GDP.MKTP.KD.ZG,7.751286677930863e-13
2015-12-31,DEU,NY.GDP.MKTP.CD,0.1440091837006718
2015-12-31,DEU,NY.GDP.MKTP.KD.ZG,5.371111607602223e-13
2015-12-31,FRA,NY.GDP.MKTP.CD,0.10461849517934399
2015-12-31,FRA,NY.GDP.MKTP.KD.ZG,5.208547645595976e-13
2015-12-31,GBR,NY.GDP.MKTP.CD,0.1258780958817803
2015-12-31,GBR,NY.GDP.MKTP.KD.ZG,5.757630390609959e-13
2015-12-31,IND,NY.GDP.MKTP.CD,0.09022434249838103
2015-12-31,IND,NY.GDP.MKTP.KD.ZG,8.160860603478697e-13
2015-12-31,ITA,NY.GDP.MKTP.CD,0.0787746671663532
2015-12-31,ITA,NY.GDP.MKTP.KD.ZG,5.065031954540625e-13
2015-12-31,JPN,NY.GDP.MKTP.CD,0.19064616313610144
2015-12-31,JPN,NY.GDP.MKTP.KD.ZG,5.400575442807297e-13
2015-12-31,USA,NY.GDP.MKTP.CD,0.7808688755824919
2015-12-31,USA,NY.GDP.MKTP.KD.ZG,5.89199252458229e-13
2016-12-31,BRA,NY.GDP.MKTP.CD,0.07701882755157297
2016-12-31,BRA,NY.GDP.MKTP.KD.ZG,3.326148295913205e-13
2016-12-31,CAN,NY.GDP.MKTP.CD,0.06553675583429928
2016-12-31,CAN,NY.GDP.MKTP.KD.ZG,5.160716832237382e-13
2016-12-31,CHN,NY.GDP.MKTP.CD,0.48180303335580305
2016-12-31,CHN,NY.GDP.MKTP.KD.ZG,7.668693493945139e-13
2016-12-31,DEU,NY.GDP.MKTP.CD,0.14882442524809011
2016-12-31,DEU,NY.GDP.MKTP.KD.ZG,5.687674245381966e-13
2016-12-31,FRA,NY.GDP.MKTP.CD,0.10606715847423306
2016-12-31,FRA,NY.GDP.MKTP.KD.ZG,5.201064104284888e-13
2016-12-31,GBR,NY.GDP.MKTP.CD,0.1157902789166667
2016-12-31,GBR,NY.GDP.MKTP.KD.ZG,5.659883795706466e-13
2016-12-31,IND,NY.GDP.MKTP.CD,0.09842547936360013
2016-12-31,IND,NY.GDP.MKTP.KD.ZG,8.272398590837051e-13
2016-12-31,ITA,NY.GDP.MKTP.CD,0.08050890850723798
2016-12-31,ITA,NY.GDP.MKTP.KD.ZG,5.285986962401959e-13
2016-12-31,JPN,NY.GDP.MKTP.CD,0.21461120902740313
2016-12-31,JPN,NY.GDP.MKTP.KD.ZG,5.054533339813543e-13
2016-12-31,USA,NY.GDP.MKTP.CD,0.8018462897390127
2016-12-31,USA,NY.GDP.MKTP.KD.ZG,5.446402168105465e-13
2017-12-31,BRA,NY.GDP.MKTP.CD,0.08850528564920104
2017-12-31,BRA,NY.GDP.MKTP.KD.ZG,5.298599538373649e-13
2017-12-31,CAN,NY.GDP.MKTP.CD,0.07073814907094365
2017-12-31,CAN,NY.GDP.MKTP.KD.ZG,6.035037556170121e-13
2017-12-31,CHN,NY.GDP.MKTP.CD,0.5280020087950322
2017-12-31,CHN,NY.GDP.MKTP.KD.ZG,7.710914488256039e-13
2017-12-31,DEU,NY.GDP.MKTP.CD,0.15830308383574954
2017-12-31,DEU,NY.GDP.MKTP.KD.ZG,5.88078155422437e-13
2017-12-31,FRA,NY.GDP.MKTP.CD,0.11130783093496001
2017-12-31,FRA,NY.GDP.MKTP.KD.ZG,5.714017764201028e-13
2017-12-31,GBR,NY.GDP.MKTP.CD,0.11509284730198467
2017-12-31,GBR,NY.GDP.MKTP.KD.ZG,5.779276160078334e-13
2017-12-31,IND,NY.GDP.MKTP.CD,0.11372351639795604
2017-12-31,IND,NY.GDP.MKTP.KD.ZG,7.645798961875247e-13
2017-12-31,ITA,NY.GDP.MKTP.CD,0.08414280157925659
2017-12-31,ITA,NY.GDP.MKTP.KD.ZG,5.44656814012761e-13
2017-12-31,JPN,NY.GDP.MKTP.CD,0.21148703974969743
2017-12-31,JPN,NY.GDP.MKTP.KD.ZG,5.449773237608283e-13
2017-12-31,USA,NY.GDP.MKTP.CD,0.8353964936504519
2017-12-31,USA,NY.GDP.MKTP.KD.ZG,5.692787394412974e-13
2018-12-31,BRA,NY.GDP.MKTP.CD,0.08221918895559989
2018-12-31,BRA,NY.GDP.MKTP.KD.ZG,5.496238875884817e-13
2018-12-31,CAN,NY.GDP.MKTP.CD,0.07400056750193079
2018-12-31,CAN,NY.GDP.MKTP.KD.ZG,5.922303795371014e-13
2018-12-31,CHN,NY.GDP.MKTP.CD,0.5959583761085943
2018-12-31,CHN,NY.GDP.MKTP.KD.ZG,7.626236693445633e-13
2018-12-31,DEU,NY.GDP.MKTP.CD,0.1704666361671259
2018-12-31,DEU,NY.GDP.MKTP.KD.ZG,5.152069292784357e-13
2018-12-31,FRA,NY.GDP.MKTP.CD,0.11970607914366865
2018-12-31,FRA,NY.GDP.MKTP.KD.ZG,5.531151604998694e-13
2018-12-31,GBR,NY.GDP.MKTP.CD,0.12344594477890532
2018-12-31,GBR,NY.GDP.MKTP.KD.ZG,5.462507172019355e-13
2018-12-31,IND,NY.GDP.MKTP.CD,0.11593053311629697
2018-12-31,IND,NY.GDP.MKTP.KD.ZG,7.49931348303577e-13
2018-12-31,ITA,NY.GDP.MKTP.CD,0.0897244348306477
2018-12-31,ITA,NY.GDP.MKTP.KD.ZG,5.128298555707406e-13
2018-12-31,JPN,NY.GDP.MKTP.CD,0.21607625888982201
2018-12-31,JPN,NY.GDP.MKTP.KD.ZG,4.981722663383013e-13
2018-12-31,USA,NY.GDP.MKTP.CD,0.8806770904848769
2018-12-31,USA,NY.GDP.MKTP.KD.ZG,5.994507825307332e-13
2019-12-31,BRA,NY.GDP.MKTP.CD,0.08034604160787058
2019-12-31,BRA,NY.GDP.MKTP.KD.ZG,5.254811900508621e-13
2019-12-31,CAN,NY.GDP.MKTP.CD,0.07471623531428692
2019-12-31,CAN,NY.GDP.MKTP.KD.ZG,5.537381888803376e-13
2019-12-31,CHN,NY.GDP.MKTP.CD,0.6124764383233499
2019-12-31,CHN,NY.GDP.MKTP.KD.ZG,7.283422918125427e-13
2019-12-31,DEU,NY.GDP.MKTP.CD,0.16676871546399458
2019-12-31,DEU,NY.GDP.MKTP.KD.ZG,5.184396563575532e-13
2019-12-31,FRA,NY.GDP.MKTP.CD,0.11704314036972899
2019-12-31,FRA,NY.GDP.MKTP.KD.ZG,5.521675224977549e-13
2019-12-31,GBR,NY.GDP.MKTP.CD,0.12254119562702034
2019-12-31,GBR,NY.GDP.MKTP.KD.ZG,5.419310935061984e-13
2019-12-31,IND,NY.GDP.MKTP.CD,0.12144724163585224
2019-12-31,IND,NY.GDP.MKTP.KD.ZG,6.334431029196821e-13
2019-12-31,ITA,NY.GDP.MKTP.CD,0.08626614836957394
2019-12-31,ITA,NY.GDP.MKTP.KD.ZG,4.93845892668432e-13
2019-12-31,JPN,NY.GDP.MKTP.CD,0.21974267420327656
2019-12-31,JPN,NY.GDP.MKTP.KD.ZG,4.628123667212444e-13
2019-12-31,USA,NY.GDP.MKTP.CD,0.9170449170860987
2019-12-31,USA,NY.GDP.MKTP.KD.ZG,5.715312670094717e-13
2020-12-31,BRA,NY.GDP.MKTP.CD,0.06212974355806967
2020-12-31,BRA,NY.GDP.MKTP.KD.ZG,3.0676205912378516e-13
2020-12-31,CAN,NY.GDP.MKTP.CD,0.07057335287108321
2020-12-31,CAN,NY.GDP.MKTP.KD.ZG,2.4867313400306325e-13
2020-12-31,CHN,NY.GDP.MKTP.CD,0.6299645354039506
2020-12-31,CHN,NY.GDP.MKTP.KD.ZG,5.69183549589871e-13
2020-12-31,DEU,NY.GDP.MKTP.CD,0.1668306007049375
2020-12-31,DEU,NY.GDP.MKTP.KD.ZG,3.1456334585420787e-13
2020-12-31,FRA,NY.GDP.MKTP.CD,0.11318891628389217
2020-12-31,FRA,NY.GDP.MKTP.KD.ZG,1.3923485939341106e-13
2020-12-31,GBR,NY.GDP.MKTP.CD,0.11600256551281249
2020-12-31,GBR,NY.GDP.MKTP.KD.ZG,0.0
2020-12-31,IND,NY.GDP.MKTP.CD,0.11441898924351256
2020-12-31,IND,NY.GDP.MKTP.KD.ZG,1.902107059618086e-13
2020-12-31,ITA,NY.GDP.MKTP.CD,0.08135315237908289
2020-12-31,ITA,NY.GDP.MKTP.KD.ZG,8.539130022924979e-14
2020-12-31,JPN,NY.GDP.MKTP.CD,0.2161737224592612
2020-12-31,JPN,NY.GDP.MKTP.KD.ZG,2.798169148993269e-13
2020-12-31,USA,NY.GDP.MKTP.CD,0.9032983419809837
2020-12-31,USA,NY.GDP.MKTP.KD.ZG,3.5440820899261817e-13
2021-12-31,BRA,NY.GDP.MKTP.CD,0.06901033226948239
2021-12-31,BRA,NY.GDP.MKTP.KD.ZG,6.712513832233403e-13
2021-12-31,CAN,NY.GDP.MKTP.CD,0.08528112637700917
2021-12-31,CAN,NY.GDP.MKTP.KD.ZG,6.678829920633896e-13
2021-12-31,CHN,NY.GDP.MKTP.CD,0.7606262650363339
2021-12-31,CHN,NY.GDP.MKTP.KD.ZG,8.209558181326156e-13
2021-12-31,DEU,NY.GDP.MKTP.CD,0.1827115673423457
2021-12-31,DEU,NY.GDP.MKTP.KD.ZG,5.857944898268314e-13
2021-12-31,FRA,NY.GDP.MKTP.CD,0.1268655174345729
2021-12-31,FRA,NY.GDP.MKTP.KD.ZG,7.654894241415472e-13
2021-12-31,GBR,NY.GDP.MKTP.CD,0.13430696732430675
2021-12-31,GBR,NY.GDP.MKTP.KD.ZG,7.958698140078817e-13
2021-12-31,IND,NY.GDP.MKTP.CD,0.1362335016313908
2021-12-31,IND,NY.GDP.MKTP.KD.ZG,8.454651115312193e-13
2021-12-31,ITA,NY.GDP.MKTP.CD,0.09040083894437821
2021-12-31,ITA,NY.GDP.MKTP.KD.ZG,7.620876767915714e-13
2021-12-31,JPN,NY.GDP.MKTP.CD,0.21191767997751337
2021-12-31,JPN,NY.GDP.MKTP.KD.ZG,5.441941124699607e-13
2021-12-31,USA,NY.GDP.MKTP.CD,0.9999999999999999
2021-12-31,USA,NY.GDP.MKTP.KD.ZG,7.281271524121032e-13
